,fips,unemp
0,01001,5.3
1,01003,5.4
2,01005,8.6
3,01007,6.6
4,01009,5.5
5,01011,7.2
6,01013,7.1
7,01015,6.7
8,01017,5.5
9,01019,5.2
10,01021,5.6
11,01023,8.9
12,01025,11.1
13,01027,6.2
14,01029,6.1
15,01031,6.1
16,01033,7.0
17,01035,8.6
18,01037,6.1
19,01039,7.0
20,01041,6.0
21,01043,5.1
22,01045,5.9
23,01047,9.4
24,01049,6.2
25,01051,4.9
26,01053,6.7
27,01055,6.0
28,01057,7.0
29,01059,6.1
30,01061,5.9
31,01063,10.1
32,01065,7.8
33,01067,6.6
34,01069,5.9
35,01071,6.4
36,01073,5.9
37,01075,5.7
38,01077,6.4
39,01079,7.0
40,01081,5.3
41,01083,5.3
42,01085,10.8
43,01087,7.7
44,01089,5.2
45,01091,7.4
46,01093,6.7
47,01095,5.5
48,01097,6.9
49,01099,9.4
50,01101,5.9
51,01103,5.6
52,01105,10.6
53,01107,6.9
54,01109,6.4
55,01111,5.7
56,01113,5.6
57,01115,5.3
58,01117,4.4
59,01119,7.8
60,01121,6.8
61,01123,5.6
62,01125,5.8
63,01127,7.6
64,01129,8.7
65,01131,14.7
66,01133,7.3
67,02013,2.7
68,02016,3.3
69,02020,5.3
70,02050,14.1
71,02060,6.9
72,02068,8.6
73,02070,9.7
74,02090,5.7
75,02100,9.8
76,02105,11.5
77,02110,4.4
78,02122,8.2
79,02130,6.2
80,02150,5.0
81,02158,21.3
82,02164,12.3
83,02170,8.1
84,02180,12.5
85,02185,6.5
86,02188,15.7
87,02195,8.6
88,02198,11.7
89,02220,4.3
90,02230,10.6
91,02240,10.2
92,02261,8.2
93,02275,7.3
94,02282,8.1
95,02290,17.2
96,04001,11.3
97,04003,6.1
98,04005,5.9
99,04007,7.2
100,04009,6.7
101,04011,7.6
102,04012,6.0
103,04013,4.5
104,04015,6.6
105,04017,8.1
106,04019,4.9
107,04021,5.5
108,04023,9.9
109,04025,4.9
110,04027,18.6
111,05001,3.5
112,05003,6.3
113,05005,4.3
114,05007,2.9
115,05009,3.7
116,05011,5.2
117,05013,4.7
118,05015,3.6
119,05017,6.6
120,05019,4.5
121,05021,5.7
122,05023,6.0
123,05025,4.6
124,05027,5.8
125,05029,5.8
126,05031,3.3
127,05033,3.9
128,05035,4.6
129,05037,4.5
130,05039,5.0
131,05041,5.5
132,05043,5.8
133,05045,3.8
134,05047,4.1
135,05049,4.4
136,05051,4.3
137,05053,3.6
138,05055,4.3
139,05057,3.8
140,05059,4.0
141,05061,3.3
142,05063,5.0
143,05065,5.6
144,05067,6.2
145,05069,5.6
146,05071,4.8
147,05073,5.9
148,05075,4.4
149,05077,4.8
150,05079,4.9
151,05081,4.7
152,05083,4.6
153,05085,3.4
154,05087,3.2
155,05089,4.0
156,05091,4.2
157,05093,6.8
158,05095,4.9
159,05097,5.3
160,05099,3.7
161,05101,3.9
162,05103,5.1
163,05105,4.8
164,05107,5.9
165,05109,4.3
166,05111,4.3
167,05113,4.9
168,05115,4.6
169,05117,3.9
170,05119,3.6
171,05121,4.7
172,05123,5.2
173,05125,3.2
174,05127,3.8
175,05129,4.5
176,05131,3.7
177,05133,5.0
178,05135,5.5
179,05137,5.2
180,05139,5.5
181,05141,7.0
182,05143,2.7
183,05145,5.2
184,05147,5.5
185,05149,4.5
186,06001,4.2
187,06003,6.5
188,06005,5.9
189,06007,6.5
190,06009,5.6
191,06011,15.5
192,06013,4.4
193,06015,7.5
194,06017,5.1
195,06019,9.4
196,06021,8.2
197,06023,4.9
198,06025,23.5
199,06027,5.2
200,06029,10.3
201,06031,10.0
202,06033,6.6
203,06035,6.9
204,06037,5.2
205,06039,9.2
206,06041,3.2
207,06043,6.9
208,06045,5.2
209,06047,10.5
210,06049,7.8
211,06051,5.3
212,06053,7.6
213,06055,4.3
214,06057,4.7
215,06059,4.0
216,06061,4.4
217,06063,9.6
218,06065,6.1
219,06067,5.4
220,06069,6.8
221,06071,5.7
222,06073,4.7
223,06075,3.3
224,06077,8.1
225,06079,4.3
226,06081,3.0
227,06083,5.0
228,06085,3.8
229,06087,6.9
230,06089,6.9
231,06091,7.6
232,06093,8.5
233,06095,5.5
234,06097,4.0
235,06099,8.5
236,06101,9.6
237,06103,7.1
238,06105,7.1
239,06107,11.0
240,06109,6.2
241,06111,5.2
242,06113,5.8
243,06115,8.5
244,08001,3.6
245,08003,4.1
246,08005,3.1
247,08007,3.3
248,08009,1.7
249,08011,3.1
250,08013,2.7
251,08014,2.9
252,08015,2.7
253,08017,2.3
254,08019,3.2
255,08021,4.9
256,08023,4.9
257,08025,3.6
258,08027,3.2
259,08029,5.0
260,08031,3.1
261,08033,4.0
262,08035,2.7
263,08037,2.8
264,08039,2.7
265,08041,3.8
266,08043,5.3
267,08045,3.6
268,08047,2.4
269,08049,2.7
270,08051,2.3
271,08053,2.3
272,08055,6.4
273,08057,2.7
274,08059,3.0
275,08061,2.1
276,08063,2.1
277,08065,2.9
278,08067,2.9
279,08069,2.8
280,08071,5.2
281,08073,2.6
282,08075,3.0
283,08077,5.4
284,08079,2.2
285,08081,4.0
286,08083,5.0
287,08085,4.2
288,08087,3.5
289,08089,4.8
290,08091,3.8
291,08093,2.8
292,08095,2.0
293,08097,3.4
294,08099,3.3
295,08101,4.9
296,08103,5.1
297,08105,5.1
298,08107,2.7
299,08109,4.9
300,08111,3.8
301,08113,3.3
302,08115,2.4
303,08117,2.1
304,08119,3.8
305,08121,2.2
306,08123,3.4
307,08125,2.2
308,09001,4.8
309,09003,5.3
310,09005,4.6
311,09007,4.4
312,09009,5.5
313,09011,5.0
314,09013,4.4
315,09015,5.5
316,10001,4.7
317,10003,4.3
318,10005,4.4
319,11001,6.0
320,12001,4.3
321,12003,4.9
322,12005,4.9
323,12007,4.3
324,12009,5.2
325,12011,4.6
326,12013,5.7
327,12015,5.3
328,12017,6.8
329,12019,4.5
330,12021,4.8
331,12023,4.8
332,12027,5.2
333,12029,5.5
334,12031,5.0
335,12033,4.9
336,12035,5.5
337,12037,4.3
338,12039,6.3
339,12041,5.1
340,12043,6.2
341,12045,4.5
342,12047,5.6
343,12049,6.7
344,12051,9.1
345,12053,6.1
346,12055,6.6
347,12057,4.5
348,12059,5.4
349,12061,6.2
350,12063,5.3
351,12065,5.3
352,12067,4.1
353,12069,4.9
354,12071,4.6
355,12073,4.6
356,12075,5.2
357,12077,5.3
358,12079,5.3
359,12081,4.6
360,12083,5.8
361,12085,4.9
362,12086,5.4
363,12087,3.2
364,12089,4.6
365,12091,4.0
366,12093,5.4
367,12095,4.4
368,12097,5.0
369,12099,4.8
370,12101,5.2
371,12103,4.4
372,12105,5.6
373,12107,6.3
374,12109,3.7
375,12111,5.7
376,12113,4.5
377,12115,4.6
378,12117,4.3
379,12119,7.0
380,12121,4.9
381,12123,5.5
382,12125,4.4
383,12127,5.1
384,12129,4.1
385,12131,4.3
386,12133,5.2
387,13001,6.4
388,13003,5.2
389,13005,5.3
390,13007,7.7
391,13009,6.8
392,13011,4.9
393,13013,4.7
394,13015,5.1
395,13017,8.1
396,13019,6.2
397,13021,6.0
398,13023,7.2
399,13025,6.7
400,13027,5.2
401,13029,4.9
402,13031,5.7
403,13033,7.6
404,13035,5.6
405,13037,5.8
406,13039,5.7
407,13043,4.9
408,13045,6.0
409,13047,4.8
410,13049,5.8
411,13051,5.2
412,13053,8.4
413,13055,6.2
414,13057,4.2
415,13059,5.6
416,13061,10.5
417,13063,6.6
418,13065,6.2
419,13067,4.6
420,13069,5.9
421,13071,5.3
422,13073,4.7
423,13075,5.4
424,13077,5.0
425,13079,5.9
426,13081,6.1
427,13083,5.1
428,13085,4.7
429,13087,6.7
430,13089,5.4
431,13091,7.4
432,13093,5.8
433,13095,6.9
434,13097,5.5
435,13099,7.0
436,13101,4.3
437,13103,4.9
438,13105,6.5
439,13107,7.8
440,13109,5.0
441,13111,5.3
442,13113,4.7
443,13115,6.0
444,13117,4.2
445,13119,5.3
446,13121,5.4
447,13123,5.6
448,13125,6.1
449,13127,5.3
450,13129,5.7
451,13131,5.5
452,13133,5.8
453,13135,4.7
454,13137,5.3
455,13139,4.5
456,13141,8.4
457,13143,5.8
458,13145,5.0
459,13147,5.5
460,13149,5.9
461,13151,5.5
462,13153,5.4
463,13155,7.7
464,13157,4.2
465,13159,4.8
466,13161,6.3
467,13163,7.5
468,13165,7.6
469,13167,6.2
470,13169,4.9
471,13171,6.5
472,13173,5.7
473,13175,6.7
474,13177,4.8
475,13179,5.8
476,13181,5.9
477,13183,5.5
478,13185,5.2
479,13187,4.9
480,13189,7.2
481,13191,5.8
482,13193,8.3
483,13195,5.0
484,13197,7.4
485,13199,6.8
486,13201,5.5
487,13205,6.6
488,13207,5.2
489,13209,7.6
490,13211,5.0
491,13213,6.9
492,13215,6.9
493,13217,6.0
494,13219,4.1
495,13221,4.9
496,13223,4.6
497,13225,6.9
498,13227,4.9
499,13229,5.4
500,13231,5.2
501,13233,6.1
502,13235,5.9
503,13237,7.0
504,13239,7.4
505,13241,5.9
506,13243,8.5
507,13245,6.7
508,13247,5.7
509,13249,6.4
510,13251,7.6
511,13253,7.9
512,13255,6.8
513,13257,5.9
514,13259,6.6
515,13261,7.7
516,13263,6.7
517,13265,6.5
518,13267,5.4
519,13269,7.2
520,13271,8.6
521,13273,6.6
522,13275,6.4
523,13277,5.5
524,13279,7.8
525,13281,6.7
526,13283,7.8
527,13285,5.1
528,13287,6.6
529,13289,8.7
530,13291,4.7
531,13293,6.5
532,13295,5.6
533,13297,4.9
534,13299,5.5
535,13301,7.0
536,13303,6.4
537,13305,6.7
538,13307,8.8
539,13309,9.1
540,13311,4.6
541,13313,5.9
542,13315,7.0
543,13317,6.3
544,13319,6.3
545,13321,5.9
546,15001,3.8
547,15003,2.8
548,15007,3.3
549,15009,3.2
550,16001,3.3
551,16003,7.1
552,16005,3.5
553,16007,4.6
554,16009,6.2
555,16011,3.6
556,16013,3.2
557,16015,5.5
558,16017,5.5
559,16019,3.2
560,16021,5.3
561,16023,4.1
562,16025,3.8
563,16027,4.4
564,16029,3.7
565,16031,3.0
566,16033,3.5
567,16035,7.5
568,16037,5.2
569,16039,4.2
570,16041,3.1
571,16043,3.4
572,16045,4.7
573,16047,3.1
574,16049,5.7
575,16051,3.1
576,16053,3.1
577,16055,4.8
578,16057,3.3
579,16059,6.3
580,16061,6.5
581,16063,4.5
582,16065,2.5
583,16067,3.3
584,16069,3.4
585,16071,3.7
586,16073,4.5
587,16075,4.7
588,16077,4.2
589,16079,7.3
590,16081,3.2
591,16083,3.4
592,16085,5.6
593,16087,5.7
594,17001,4.8
595,17003,9.2
596,17005,5.1
597,17007,6.3
598,17009,3.4
599,17011,6.1
600,17013,6.3
601,17015,5.7
602,17017,5.6
603,17019,5.1
604,17021,6.3
605,17023,5.9
606,17025,6.8
607,17027,4.5
608,17029,5.9
609,17031,6.2
610,17033,6.2
611,17035,5.2
612,17037,5.4
613,17039,5.7
614,17041,4.7
615,17043,4.8
616,17045,6.0
617,17047,5.8
618,17049,4.7
619,17051,6.7
620,17053,5.5
621,17055,8.1
622,17057,7.4
623,17059,7.6
624,17061,5.9
625,17063,6.8
626,17065,6.3
627,17067,6.6
628,17069,9.8
629,17071,6.2
630,17073,6.1
631,17075,5.5
632,17077,5.4
633,17079,6.3
634,17081,6.5
635,17083,5.8
636,17085,5.4
637,17087,8.6
638,17089,5.5
639,17091,6.4
640,17093,5.2
641,17095,6.1
642,17097,5.2
643,17099,6.7
644,17101,7.5
645,17103,5.1
646,17105,5.5
647,17107,5.3
648,17109,6.3
649,17111,5.3
650,17113,5.1
651,17115,6.6
652,17117,6.0
653,17119,5.9
654,17121,6.4
655,17123,6.6
656,17125,7.1
657,17127,7.0
658,17129,4.6
659,17131,6.2
660,17133,4.1
661,17135,7.1
662,17137,4.9
663,17139,4.6
664,17141,5.9
665,17143,6.8
666,17145,7.1
667,17147,5.0
668,17149,5.1
669,17151,7.0
670,17153,8.8
671,17155,5.6
672,17157,5.0
673,17159,6.0
674,17161,6.3
675,17163,6.1
676,17165,8.6
677,17167,4.9
678,17169,5.8
679,17171,5.6
680,17173,5.8
681,17175,7.2
682,17177,5.8
683,17179,6.3
684,17181,7.4
685,17183,7.2
686,17185,6.4
687,17187,5.3
688,17189,3.8
689,17191,8.6
690,17193,6.6
691,17195,5.8
692,17197,6.1
693,17199,6.2
694,17201,6.6
695,17203,5.4
696,18001,3.6
697,18003,4.3
698,18005,3.4
699,18007,4.2
700,18009,5.4
701,18011,3.4
702,18013,4.0
703,18015,4.2
704,18017,4.7
705,18019,4.1
706,18021,4.7
707,18023,3.9
708,18025,5.6
709,18027,3.6
710,18029,4.7
711,18031,3.6
712,18033,3.9
713,18035,5.2
714,18037,3.1
715,18039,3.5
716,18041,5.8
717,18043,4.1
718,18045,5.8
719,18047,4.3
720,18049,4.7
721,18051,3.7
722,18053,5.0
723,18055,6.6
724,18057,3.2
725,18059,3.8
726,18061,4.2
727,18063,3.5
728,18065,4.6
729,18067,4.7
730,18069,4.1
731,18071,3.7
732,18073,5.3
733,18075,4.6
734,18077,4.7
735,18079,4.8
736,18081,3.6
737,18083,4.4
738,18085,3.7
739,18087,3.4
740,18089,6.3
741,18091,5.9
742,18093,5.7
743,18095,5.0
744,18097,4.4
745,18099,3.8
746,18101,4.2
747,18103,4.7
748,18105,4.6
749,18107,3.9
750,18109,4.2
751,18111,5.6
752,18113,4.1
753,18115,4.9
754,18117,5.1
755,18119,5.5
756,18121,5.3
757,18123,4.6
758,18125,4.4
759,18127,5.1
760,18129,4.0
761,18131,4.6
762,18133,4.5
763,18135,4.5
764,18137,4.6
765,18139,3.8
766,18141,4.5
767,18143,4.8
768,18145,4.0
769,18147,4.1
770,18149,5.4
771,18151,3.7
772,18153,5.9
773,18155,4.9
774,18157,4.0
775,18159,3.9
776,18161,4.0
777,18163,4.1
778,18165,6.6
779,18167,5.4
780,18169,4.3
781,18171,4.9
782,18173,4.1
783,18175,4.5
784,18177,4.8
785,18179,3.6
786,18181,4.0
787,18183,3.9
788,19001,3.0
789,19003,2.7
790,19005,5.0
791,19007,4.8
792,19009,3.3
793,19011,3.6
794,19013,4.7
795,19015,2.8
796,19017,3.7
797,19019,4.2
798,19021,3.6
799,19023,4.4
800,19025,3.9
801,19027,2.6
802,19029,3.3
803,19031,3.4
804,19033,3.7
805,19035,3.7
806,19037,4.5
807,19039,3.4
808,19041,3.9
809,19043,4.3
810,19045,5.0
811,19047,5.6
812,19049,2.7
813,19051,4.3
814,19053,3.3
815,19055,3.5
816,19057,5.0
817,19059,4.4
818,19061,3.6
819,19063,4.3
820,19065,4.5
821,19067,3.7
822,19069,3.5
823,19071,3.3
824,19073,3.2
825,19075,3.5
826,19077,3.6
827,19079,3.8
828,19081,2.7
829,19083,4.0
830,19085,3.4
831,19087,3.6
832,19089,3.7
833,19091,2.9
834,19093,2.6
835,19095,3.1
836,19097,4.2
837,19099,3.6
838,19101,3.7
839,19103,2.6
840,19105,4.3
841,19107,4.4
842,19109,2.7
843,19111,6.2
844,19113,3.7
845,19115,4.0
846,19117,3.2
847,19119,2.1
848,19121,3.6
849,19123,3.8
850,19125,3.1
851,19127,4.9
852,19129,3.7
853,19131,2.7
854,19133,4.2
855,19135,4.7
856,19137,3.6
857,19139,3.9
858,19141,2.8
859,19143,2.7
860,19145,5.1
861,19147,3.2
862,19149,2.6
863,19151,2.9
864,19153,3.5
865,19155,3.4
866,19157,3.5
867,19159,3.5
868,19161,3.1
869,19163,4.6
870,19165,3.0
871,19167,2.3
872,19169,2.4
873,19171,4.2
874,19173,3.0
875,19175,3.8
876,19177,3.7
877,19179,5.9
878,19181,3.2
879,19183,3.0
880,19185,3.9
881,19187,4.0
882,19189,3.5
883,19191,3.6
884,19193,3.6
885,19195,3.5
886,19197,4.2
887,20001,5.9
888,20003,4.5
889,20005,6.4
890,20007,4.1
891,20009,4.7
892,20011,5.1
893,20013,3.9
894,20015,4.3
895,20017,3.7
896,20019,5.5
897,20021,4.6
898,20023,2.9
899,20025,2.9
900,20027,4.5
901,20029,4.5
902,20031,6.3
903,20033,3.4
904,20035,4.6
905,20037,5.0
906,20039,4.2
907,20041,4.6
908,20043,4.1
909,20045,3.6
910,20047,3.1
911,20049,5.3
912,20051,3.2
913,20053,4.2
914,20055,3.2
915,20057,3.3
916,20059,4.3
917,20061,5.8
918,20063,2.6
919,20065,5.0
920,20067,3.8
921,20069,2.3
922,20071,2.3
923,20073,5.2
924,20075,2.7
925,20077,3.9
926,20079,4.4
927,20081,2.7
928,20083,2.9
929,20085,3.6
930,20087,4.1
931,20089,4.7
932,20091,3.3
933,20093,3.3
934,20095,4.7
935,20097,2.9
936,20099,5.7
937,20101,3.4
938,20103,4.4
939,20105,3.8
940,20107,6.7
941,20109,2.8
942,20111,4.2
943,20113,3.3
944,20115,4.3
945,20117,3.2
946,20119,2.9
947,20121,4.3
948,20123,3.6
949,20125,6.4
950,20127,4.1
951,20129,4.1
952,20131,2.8
953,20133,7.5
954,20135,3.8
955,20137,2.6
956,20139,4.6
957,20141,3.7
958,20143,4.0
959,20145,3.6
960,20147,3.2
961,20149,3.5
962,20151,4.3
963,20153,2.6
964,20155,4.6
965,20157,2.9
966,20159,4.2
967,20161,3.3
968,20163,5.2
969,20165,4.2
970,20167,4.5
971,20169,3.8
972,20171,2.6
973,20173,4.8
974,20175,4.6
975,20177,4.1
976,20179,2.6
977,20181,3.5
978,20183,3.5
979,20185,4.1
980,20187,3.1
981,20189,4.4
982,20191,4.4
983,20193,2.9
984,20195,4.2
985,20197,3.8
986,20199,2.9
987,20201,3.5
988,20203,2.5
989,20205,6.4
990,20207,6.2
991,20209,5.7
992,21001,6.6
993,21003,4.2
994,21005,4.0
995,21007,8.6
996,21009,4.6
997,21011,7.2
998,21013,9.0
999,21015,3.8
1000,21017,4.7
1001,21019,8.1
1002,21021,4.9
1003,21023,6.0
1004,21025,9.4
1005,21027,6.0
1006,21029,4.1
1007,21031,5.3
1008,21033,5.3
1009,21035,4.5
1010,21037,3.8
1011,21039,5.9
1012,21041,5.0
1013,21043,10.2
1014,21045,4.6
1015,21047,6.0
1016,21049,4.7
1017,21051,9.6
1018,21053,7.3
1019,21055,5.0
1020,21057,5.5
1021,21059,4.5
1022,21061,6.1
1023,21063,10.9
1024,21065,5.7
1025,21067,3.5
1026,21069,5.9
1027,21071,10.9
1028,21073,4.0
1029,21075,6.8
1030,21077,4.8
1031,21079,4.7
1032,21081,4.9
1033,21083,6.0
1034,21085,6.4
1035,21087,4.4
1036,21089,8.6
1037,21091,5.4
1038,21093,4.4
1039,21095,12.1
1040,21097,4.6
1041,21099,4.6
1042,21101,4.7
1043,21103,4.1
1044,21105,5.6
1045,21107,5.5
1046,21109,7.5
1047,21111,4.4
1048,21113,3.8
1049,21115,9.6
1050,21117,4.1
1051,21119,11.2
1052,21121,7.9
1053,21123,4.5
1054,21125,6.1
1055,21127,10.4
1056,21129,9.2
1057,21131,13.0
1058,21133,11.9
1059,21135,9.2
1060,21137,6.0
1061,21139,7.0
1062,21141,4.2
1063,21143,5.6
1064,21145,5.7
1065,21147,7.7
1066,21149,4.8
1067,21151,4.1
1068,21153,18.8
1069,21155,4.1
1070,21157,5.6
1071,21159,10.1
1072,21161,6.1
1073,21163,5.0
1074,21165,8.4
1075,21167,4.7
1076,21169,4.5
1077,21171,4.0
1078,21173,6.3
1079,21175,7.8
1080,21177,7.0
1081,21179,4.5
1082,21181,5.4
1083,21183,6.5
1084,21185,3.4
1085,21187,4.1
1086,21189,9.4
1087,21191,4.8
1088,21193,10.5
1089,21195,10.8
1090,21197,7.0
1091,21199,5.3
1092,21201,5.9
1093,21203,5.9
1094,21205,5.5
1095,21207,8.3
1096,21209,3.7
1097,21211,3.5
1098,21213,4.4
1099,21215,3.8
1100,21217,5.1
1101,21219,4.2
1102,21221,5.6
1103,21223,5.3
1104,21225,6.7
1105,21227,3.9
1106,21229,4.1
1107,21231,7.3
1108,21233,5.9
1109,21235,6.5
1110,21237,9.7
1111,21239,3.2
1112,22001,7.4
1113,22003,6.4
1114,22005,4.9
1115,22007,8.5
1116,22009,7.1
1117,22011,6.0
1118,22013,7.7
1119,22015,5.4
1120,22017,6.6
1121,22019,4.8
1122,22021,7.6
1123,22023,4.4
1124,22025,9.3
1125,22027,6.7
1126,22029,8.3
1127,22031,7.4
1128,22033,5.1
1129,22035,11.7
1130,22037,5.7
1131,22039,7.4
1132,22041,9.1
1133,22043,7.0
1134,22045,9.4
1135,22047,6.8
1136,22049,5.7
1137,22051,5.3
1138,22053,6.0
1139,22055,6.2
1140,22057,6.3
1141,22059,6.6
1142,22061,6.5
1143,22063,5.1
1144,22065,9.0
1145,22067,9.8
1146,22069,7.0
1147,22071,5.9
1148,22073,6.1
1149,22075,5.3
1150,22077,6.5
1151,22079,6.1
1152,22081,6.1
1153,22083,7.4
1154,22085,6.9
1155,22087,6.1
1156,22089,5.3
1157,22091,7.6
1158,22093,7.5
1159,22095,6.8
1160,22097,8.1
1161,22099,7.8
1162,22101,9.4
1163,22103,5.0
1164,22105,6.7
1165,22107,9.9
1166,22109,7.0
1167,22111,6.5
1168,22113,7.7
1169,22115,7.3
1170,22117,7.0
1171,22119,8.6
1172,22121,5.3
1173,22123,11.9
1174,22125,5.1
1175,22127,7.8
1176,23001,3.6
1177,23003,5.7
1178,23005,2.9
1179,23007,4.4
1180,23009,4.7
1181,23011,3.6
1182,23013,3.6
1183,23015,3.8
1184,23017,4.8
1185,23019,4.4
1186,23021,5.4
1187,23023,3.0
1188,23025,5.8
1189,23027,4.2
1190,23029,6.2
1191,23031,3.4
1192,24001,6.1
1193,24003,3.7
1194,24005,4.5
1195,24009,3.8
1196,24011,4.7
1197,24013,3.5
1198,24015,5.1
1199,24017,4.2
1200,24019,6.0
1201,24021,3.7
1202,24023,5.5
1203,24025,4.1
1204,24027,3.2
1205,24029,4.7
1206,24031,3.3
1207,24033,4.4
1208,24035,3.8
1209,24037,4.1
1210,24039,7.0
1211,24041,4.1
1212,24043,4.9
1213,24045,6.0
1214,24047,9.0
1215,24510,6.3
1216,25001,4.7
1217,25003,4.3
1218,25005,4.7
1219,25007,5.0
1220,25009,3.8
1221,25011,3.3
1222,25013,5.0
1223,25015,3.3
1224,25017,3.0
1225,25019,4.2
1226,25021,3.2
1227,25023,3.9
1228,25025,3.4
1229,25027,3.9
1230,26001,7.4
1231,26003,8.0
1232,26005,3.7
1233,26007,5.7
1234,26009,6.8
1235,26011,8.1
1236,26013,7.9
1237,26015,3.8
1238,26017,5.2
1239,26019,6.4
1240,26021,4.8
1241,26023,4.6
1242,26025,4.6
1243,26027,4.6
1244,26029,5.3
1245,26031,9.0
1246,26033,7.4
1247,26035,7.2
1248,26037,3.6
1249,26039,7.4
1250,26041,6.3
1251,26043,5.2
1252,26045,4.0
1253,26047,6.2
1254,26049,5.4
1255,26051,6.8
1256,26053,6.5
1257,26055,4.1
1258,26057,5.0
1259,26059,4.9
1260,26061,5.9
1261,26063,5.0
1262,26065,4.1
1263,26067,4.1
1264,26069,7.1
1265,26071,6.5
1266,26073,4.5
1267,26075,4.7
1268,26077,3.9
1269,26079,6.9
1270,26081,3.4
1271,26083,8.4
1272,26085,7.3
1273,26087,6.5
1274,26089,4.7
1275,26091,4.5
1276,26093,4.2
1277,26095,6.5
1278,26097,9.4
1279,26099,5.3
1280,26101,6.3
1281,26103,5.6
1282,26105,5.6
1283,26107,5.4
1284,26109,5.6
1285,26111,4.5
1286,26113,5.7
1287,26115,4.3
1288,26117,5.0
1289,26119,9.7
1290,26121,5.2
1291,26123,4.7
1292,26125,4.2
1293,26127,7.1
1294,26129,7.5
1295,26131,8.3
1296,26133,5.5
1297,26135,7.2
1298,26137,5.7
1299,26139,3.2
1300,26141,9.2
1301,26143,8.1
1302,26145,5.1
1303,26147,6.2
1304,26149,4.0
1305,26151,6.0
1306,26153,9.1
1307,26155,5.1
1308,26157,6.1
1309,26159,5.5
1310,26161,3.4
1311,26163,6.4
1312,26165,5.6
1313,27001,7.0
1314,27003,3.8
1315,27005,4.7
1316,27007,5.3
1317,27009,4.5
1318,27011,4.9
1319,27013,3.2
1320,27015,4.1
1321,27017,5.4
1322,27019,3.3
1323,27021,6.7
1324,27023,4.5
1325,27025,4.4
1326,27027,3.5
1327,27029,9.6
1328,27031,4.6
1329,27033,7.3
1330,27035,5.1
1331,27037,3.4
1332,27039,3.8
1333,27041,3.5
1334,27043,4.4
1335,27045,4.1
1336,27047,3.9
1337,27049,3.8
1338,27051,4.7
1339,27053,3.4
1340,27055,4.0
1341,27057,6.5
1342,27059,4.7
1343,27061,8.7
1344,27063,4.5
1345,27065,6.6
1346,27067,3.8
1347,27069,4.7
1348,27071,8.5
1349,27073,4.3
1350,27075,6.5
1351,27077,4.7
1352,27079,4.9
1353,27081,3.6
1354,27083,3.6
1355,27085,4.5
1356,27087,5.7
1357,27089,7.4
1358,27091,4.2
1359,27093,4.5
1360,27095,6.0
1361,27097,5.7
1362,27099,3.2
1363,27101,4.8
1364,27103,2.8
1365,27105,3.8
1366,27107,4.9
1367,27109,3.0
1368,27111,4.4
1369,27113,5.8
1370,27115,5.9
1371,27117,3.9
1372,27119,4.4
1373,27121,3.6
1374,27123,3.6
1375,27125,7.2
1376,27127,4.1
1377,27129,5.3
1378,27131,3.5
1379,27133,2.3
1380,27135,5.1
1381,27137,5.8
1382,27139,3.3
1383,27141,4.1
1384,27143,4.3
1385,27145,3.8
1386,27147,3.6
1387,27149,3.0
1388,27151,5.3
1389,27153,4.7
1390,27155,3.7
1391,27157,3.7
1392,27159,6.0
1393,27161,4.3
1394,27163,3.4
1395,27165,5.0
1396,27167,3.3
1397,27169,3.6
1398,27171,3.9
1399,27173,3.9
1400,28001,8.3
1401,28003,5.2
1402,28005,7.4
1403,28007,6.7
1404,28009,6.7
1405,28011,7.3
1406,28013,5.4
1407,28015,7.5
1408,28017,6.6
1409,28019,5.7
1410,28021,11.4
1411,28023,6.8
1412,28025,8.1
1413,28027,8.8
1414,28029,6.5
1415,28031,5.5
1416,28033,4.2
1417,28035,5.7
1418,28037,7.2
1419,28039,7.4
1420,28041,7.3
1421,28043,5.2
1422,28045,6.1
1423,28047,5.5
1424,28049,5.4
1425,28051,11.0
1426,28053,11.4
1427,28055,14.3
1428,28057,5.0
1429,28059,6.5
1430,28061,7.7
1431,28063,14.9
1432,28065,8.3
1433,28067,6.1
1434,28069,8.7
1435,28071,4.8
1436,28073,4.5
1437,28075,5.9
1438,28077,7.1
1439,28079,6.1
1440,28081,4.8
1441,28083,9.3
1442,28085,5.7
1443,28087,6.2
1444,28089,4.3
1445,28091,6.6
1446,28093,6.0
1447,28095,6.3
1448,28097,6.4
1449,28099,5.8
1450,28101,6.0
1451,28103,8.3
1452,28105,5.5
1453,28107,7.4
1454,28109,6.0
1455,28111,7.1
1456,28113,6.8
1457,28115,4.8
1458,28117,5.5
1459,28119,9.7
1460,28121,4.0
1461,28123,4.6
1462,28125,8.9
1463,28127,5.4
1464,28129,5.3
1465,28131,6.7
1466,28133,9.5
1467,28135,6.8
1468,28137,5.8
1469,28139,5.5
1470,28141,5.5
1471,28143,7.1
1472,28145,4.4
1473,28147,7.7
1474,28149,6.4
1475,28151,9.0
1476,28153,7.3
1477,28155,6.3
1478,28157,10.2
1479,28159,7.1
1480,28161,6.2
1481,28163,7.4
1482,29001,5.7
1483,29003,3.8
1484,29005,4.6
1485,29007,4.2
1486,29009,4.5
1487,29011,5.2
1488,29013,5.3
1489,29015,6.1
1490,29017,5.1
1491,29019,3.2
1492,29021,4.1
1493,29023,5.7
1494,29025,4.6
1495,29027,4.1
1496,29029,5.7
1497,29031,4.3
1498,29033,5.4
1499,29035,7.0
1500,29037,4.1
1501,29039,5.0
1502,29041,4.3
1503,29043,3.9
1504,29045,7.3
1505,29047,3.9
1506,29049,4.2
1507,29051,3.6
1508,29053,4.9
1509,29055,5.3
1510,29057,4.4
1511,29059,5.5
1512,29061,3.8
1513,29063,4.4
1514,29065,5.4
1515,29067,6.1
1516,29069,8.2
1517,29071,4.4
1518,29073,4.3
1519,29075,3.7
1520,29077,3.8
1521,29079,4.6
1522,29081,4.2
1523,29083,5.0
1524,29085,5.6
1525,29087,3.3
1526,29089,4.4
1527,29091,6.3
1528,29093,7.1
1529,29095,5.1
1530,29097,4.1
1531,29099,4.3
1532,29101,4.9
1533,29103,3.5
1534,29105,5.5
1535,29107,4.3
1536,29109,4.3
1537,29111,4.5
1538,29113,4.5
1539,29115,6.8
1540,29117,3.9
1541,29119,4.3
1542,29121,4.8
1543,29123,5.5
1544,29125,5.0
1545,29127,4.3
1546,29129,4.6
1547,29131,5.2
1548,29133,6.6
1549,29135,4.3
1550,29137,4.8
1551,29139,4.6
1552,29141,5.8
1553,29143,9.3
1554,29145,4.3
1555,29147,4.6
1556,29149,6.1
1557,29151,3.4
1558,29153,7.3
1559,29155,8.9
1560,29157,3.5
1561,29159,4.9
1562,29161,4.7
1563,29163,4.5
1564,29165,3.6
1565,29167,4.8
1566,29169,5.4
1567,29171,4.5
1568,29173,4.0
1569,29175,5.2
1570,29177,4.9
1571,29179,6.5
1572,29181,7.0
1573,29183,3.5
1574,29185,6.3
1575,29186,4.6
1576,29187,5.5
1577,29189,4.2
1578,29195,4.7
1579,29197,6.3
1580,29199,4.1
1581,29201,5.7
1582,29203,7.4
1583,29205,4.1
1584,29207,6.4
1585,29209,7.0
1586,29211,5.8
1587,29213,7.4
1588,29215,6.2
1589,29217,4.8
1590,29219,4.2
1591,29221,6.3
1592,29223,5.4
1593,29225,4.9
1594,29227,3.0
1595,29229,5.9
1596,29510,5.4
1597,30001,3.3
1598,30003,7.2
1599,30005,4.6
1600,30007,4.9
1601,30009,3.9
1602,30011,2.9
1603,30013,4.0
1604,30015,3.8
1605,30017,3.5
1606,30019,2.6
1607,30021,3.9
1608,30023,3.8
1609,30025,3.6
1610,30027,3.9
1611,30029,5.6
1612,30031,2.8
1613,30033,2.8
1614,30035,8.6
1615,30037,4.4
1616,30039,5.9
1617,30041,4.3
1618,30043,4.6
1619,30045,3.4
1620,30047,4.7
1621,30049,3.3
1622,30051,3.1
1623,30053,9.0
1624,30055,2.0
1625,30057,3.8
1626,30059,4.0
1627,30061,7.6
1628,30063,3.7
1629,30065,5.1
1630,30067,4.3
1631,30069,4.8
1632,30071,5.3
1633,30073,4.2
1634,30075,2.3
1635,30077,5.0
1636,30079,3.4
1637,30081,4.8
1638,30083,5.0
1639,30085,5.3
1640,30087,5.5
1641,30089,7.8
1642,30091,3.3
1643,30093,4.3
1644,30095,4.0
1645,30097,3.1
1646,30099,3.7
1647,30101,3.5
1648,30103,4.5
1649,30105,3.4
1650,30107,5.1
1651,30109,3.8
1652,30111,3.6
1653,31001,3.3
1654,31003,2.7
1655,31005,6.2
1656,31007,3.8
1657,31009,4.5
1658,31011,2.8
1659,31013,3.8
1660,31015,3.2
1661,31017,3.9
1662,31019,2.6
1663,31021,3.8
1664,31023,3.3
1665,31025,3.5
1666,31027,2.7
1667,31029,2.2
1668,31031,2.4
1669,31033,3.0
1670,31035,3.3
1671,31037,3.0
1672,31039,3.0
1673,31041,2.5
1674,31043,4.3
1675,31045,3.1
1676,31047,3.1
1677,31049,2.8
1678,31051,3.5
1679,31053,3.2
1680,31055,3.5
1681,31057,2.3
1682,31059,2.9
1683,31061,3.1
1684,31063,3.0
1685,31065,2.9
1686,31067,3.5
1687,31069,3.4
1688,31071,2.8
1689,31073,2.7
1690,31075,2.4
1691,31077,3.3
1692,31079,3.8
1693,31081,2.9
1694,31083,2.6
1695,31085,2.5
1696,31087,3.8
1697,31089,2.6
1698,31091,3.8
1699,31093,3.5
1700,31095,2.5
1701,31097,3.3
1702,31099,2.5
1703,31101,3.1
1704,31103,2.1
1705,31105,4.3
1706,31107,3.2
1707,31109,2.9
1708,31111,3.2
1709,31113,2.9
1710,31115,3.6
1711,31117,2.4
1712,31119,2.9
1713,31121,3.8
1714,31123,3.4
1715,31125,2.8
1716,31127,3.8
1717,31129,3.1
1718,31131,3.5
1719,31133,2.4
1720,31135,2.3
1721,31137,2.6
1722,31139,2.8
1723,31141,3.7
1724,31143,2.8
1725,31145,3.0
1726,31147,3.4
1727,31149,2.7
1728,31151,3.2
1729,31153,3.0
1730,31155,3.2
1731,31157,3.6
1732,31159,3.0
1733,31161,3.0
1734,31163,3.3
1735,31165,2.8
1736,31167,2.7
1737,31169,2.6
1738,31171,3.4
1739,31173,5.0
1740,31175,3.0
1741,31177,3.3
1742,31179,2.8
1743,31181,3.3
1744,31183,2.3
1745,31185,2.8
1746,32001,5.4
1747,32003,5.8
1748,32005,5.6
1749,32007,4.5
1750,32009,4.5
1751,32011,4.6
1752,32013,5.4
1753,32015,6.2
1754,32017,5.1
1755,32019,7.4
1756,32021,6.6
1757,32023,7.3
1758,32027,5.9
1759,32029,6.3
1760,32031,5.0
1761,32033,4.6
1762,32510,6.1
1763,33001,2.8
1764,33003,3.0
1765,33005,2.7
1766,33007,3.9
1767,33009,2.4
1768,33011,3.0
1769,33013,2.5
1770,33015,3.0
1771,33017,2.5
1772,33019,2.4
1773,34001,7.4
1774,34003,4.2
1775,34005,4.4
1776,34007,5.5
1777,34009,9.8
1778,34011,7.5
1779,34013,6.0
1780,34015,5.1
1781,34017,4.7
1782,34019,3.8
1783,34021,4.3
1784,34023,4.4
1785,34025,4.4
1786,34027,3.9
1787,34029,5.2
1788,34031,6.1
1789,34033,6.3
1790,34035,4.1
1791,34037,4.7
1792,34039,5.2
1793,34041,4.6
1794,35001,5.8
1795,35003,8.2
1796,35005,6.8
1797,35006,8.3
1798,35007,6.1
1799,35009,5.1
1800,35011,4.9
1801,35013,7.2
1802,35015,6.6
1803,35017,6.6
1804,35019,6.5
1805,35021,7.2
1806,35023,5.7
1807,35025,9.5
1808,35027,6.0
1809,35028,4.2
1810,35029,14.7
1811,35031,9.5
1812,35033,8.8
1813,35035,6.0
1814,35037,6.9
1815,35039,7.5
1816,35041,5.7
1817,35043,6.7
1818,35045,8.9
1819,35047,7.7
1820,35049,5.4
1821,35051,8.5
1822,35053,7.5
1823,35055,8.5
1824,35057,9.1
1825,35059,4.1
1826,35061,7.2
1827,36001,4.0
1828,36003,6.2
1829,36005,7.1
1830,36007,5.4
1831,36009,5.9
1832,36011,5.0
1833,36013,5.8
1834,36015,5.7
1835,36017,5.0
1836,36019,5.3
1837,36021,3.7
1838,36023,5.7
1839,36025,5.5
1840,36027,4.2
1841,36029,4.9
1842,36031,5.3
1843,36033,5.6
1844,36035,5.7
1845,36037,4.6
1846,36039,5.0
1847,36041,6.5
1848,36043,5.5
1849,36045,6.2
1850,36047,5.3
1851,36049,6.7
1852,36051,4.9
1853,36053,5.2
1854,36055,4.7
1855,36057,5.7
1856,36059,3.9
1857,36061,4.5
1858,36063,5.8
1859,36065,4.8
1860,36067,4.5
1861,36069,4.3
1862,36071,4.3
1863,36073,5.7
1864,36075,6.4
1865,36077,4.9
1866,36079,4.0
1867,36081,4.5
1868,36083,4.3
1869,36085,5.2
1870,36087,4.2
1871,36089,6.6
1872,36091,3.8
1873,36093,4.3
1874,36095,5.4
1875,36097,6.0
1876,36099,4.7
1877,36101,5.8
1878,36103,4.3
1879,36105,4.8
1880,36107,5.1
1881,36109,4.1
1882,36111,4.4
1883,36113,5.2
1884,36115,4.6
1885,36117,4.9
1886,36119,4.2
1887,36121,5.3
1888,36123,4.4
1889,37001,4.7
1890,37003,4.3
1891,37005,5.6
1892,37007,5.8
1893,37009,4.8
1894,37011,5.0
1895,37013,5.7
1896,37015,6.7
1897,37017,6.9
1898,37019,6.3
1899,37021,3.8
1900,37023,4.9
1901,37025,4.5
1902,37027,5.2
1903,37029,5.2
1904,37031,5.2
1905,37033,5.4
1906,37035,4.7
1907,37037,4.2
1908,37039,5.6
1909,37041,6.4
1910,37043,5.4
1911,37045,5.5
1912,37047,6.4
1913,37049,5.3
1914,37051,6.3
1915,37053,5.2
1916,37055,6.7
1917,37057,4.8
1918,37059,4.5
1919,37061,5.4
1920,37063,4.5
1921,37065,8.6
1922,37067,4.9
1923,37069,5.1
1924,37071,5.3
1925,37073,5.2
1926,37075,8.8
1927,37077,4.3
1928,37079,5.2
1929,37081,5.2
1930,37083,8.0
1931,37085,5.7
1932,37087,4.6
1933,37089,4.2
1934,37091,6.5
1935,37093,6.5
1936,37095,9.4
1937,37097,4.8
1938,37099,5.4
1939,37101,4.6
1940,37103,5.3
1941,37105,5.9
1942,37107,5.9
1943,37109,4.6
1944,37111,4.8
1945,37113,5.4
1946,37115,4.9
1947,37117,6.7
1948,37119,4.7
1949,37121,6.1
1950,37123,5.2
1951,37125,5.0
1952,37127,6.6
1953,37129,4.7
1954,37131,7.3
1955,37133,5.5
1956,37135,4.3
1957,37137,5.3
1958,37139,6.3
1959,37141,5.3
1960,37143,6.4
1961,37145,5.5
1962,37147,5.5
1963,37149,4.7
1964,37151,4.9
1965,37153,7.0
1966,37155,7.9
1967,37157,5.6
1968,37159,5.5
1969,37161,6.7
1970,37163,5.4
1971,37165,9.2
1972,37167,4.6
1973,37169,4.8
1974,37171,4.8
1975,37173,6.1
1976,37175,4.9
1977,37177,8.4
1978,37179,4.3
1979,37181,7.2
1980,37183,4.2
1981,37185,7.3
1982,37187,7.4
1983,37189,4.5
1984,37191,5.8
1985,37193,4.8
1986,37195,8.1
1987,37197,4.4
1988,37199,5.2
1989,38001,2.7
1990,38003,3.3
1991,38005,4.1
1992,38007,3.2
1993,38009,4.8
1994,38011,2.2
1995,38013,4.9
1996,38015,2.6
1997,38017,2.3
1998,38019,2.7
1999,38021,2.0
2000,38023,2.7
2001,38025,3.1
2002,38027,4.5
2003,38029,4.5
2004,38031,3.1
2005,38033,2.8
2006,38035,2.4
2007,38037,3.2
2008,38039,3.0
2009,38041,3.1
2010,38043,3.9
2011,38045,2.5
2012,38047,3.5
2013,38049,5.1
2014,38051,3.2
2015,38053,3.8
2016,38055,3.6
2017,38057,4.6
2018,38059,3.3
2019,38061,3.1
2020,38063,3.5
2021,38065,5.4
2022,38067,5.1
2023,38069,4.1
2024,38071,2.9
2025,38073,2.3
2026,38075,4.1
2027,38077,2.8
2028,38079,11.0
2029,38081,2.0
2030,38083,5.8
2031,38085,4.4
2032,38087,2.5
2033,38089,4.0
2034,38091,2.2
2035,38093,2.5
2036,38095,2.3
2037,38097,2.9
2038,38099,3.9
2039,38101,4.2
2040,38103,4.0
2041,38105,4.4
2042,39001,7.5
2043,39003,5.0
2044,39005,5.0
2045,39007,6.0
2046,39009,6.2
2047,39011,3.7
2048,39013,7.4
2049,39015,5.7
2050,39017,4.4
2051,39019,6.8
2052,39021,4.5
2053,39023,5.2
2054,39025,4.4
2055,39027,5.8
2056,39029,6.6
2057,39031,7.0
2058,39033,6.0
2059,39035,5.4
2060,39037,4.1
2061,39039,4.8
2062,39041,3.5
2063,39043,5.5
2064,39045,4.2
2065,39047,4.4
2066,39049,4.0
2067,39051,4.6
2068,39053,6.7
2069,39055,4.4
2070,39057,4.3
2071,39059,7.0
2072,39061,4.3
2073,39063,3.6
2074,39065,5.0
2075,39067,7.5
2076,39069,5.3
2077,39071,6.3
2078,39073,5.4
2079,39075,3.5
2080,39077,6.5
2081,39079,7.8
2082,39081,8.3
2083,39083,4.5
2084,39085,4.8
2085,39087,6.4
2086,39089,4.3
2087,39091,4.2
2088,39093,5.9
2089,39095,5.1
2090,39097,3.8
2091,39099,6.3
2092,39101,5.0
2093,39103,4.3
2094,39105,8.3
2095,39107,3.2
2096,39109,4.3
2097,39111,11.1
2098,39113,4.8
2099,39115,8.1
2100,39117,4.9
2101,39119,6.0
2102,39121,8.6
2103,39123,6.4
2104,39125,4.6
2105,39127,6.2
2106,39129,4.7
2107,39131,7.4
2108,39133,5.0
2109,39135,4.7
2110,39137,3.6
2111,39139,5.5
2112,39141,5.5
2113,39143,4.7
2114,39145,7.6
2115,39147,4.8
2116,39149,4.1
2117,39151,5.4
2118,39153,5.0
2119,39155,6.7
2120,39157,5.7
2121,39159,3.8
2122,39161,4.0
2123,39163,7.0
2124,39165,4.1
2125,39167,6.9
2126,39169,3.9
2127,39171,4.4
2128,39173,4.1
2129,39175,3.7
2130,40001,6.0
2131,40003,3.4
2132,40005,6.7
2133,40007,3.2
2134,40009,7.5
2135,40011,3.8
2136,40013,4.4
2137,40015,5.4
2138,40017,4.0
2139,40019,5.2
2140,40021,5.6
2141,40023,7.8
2142,40025,2.5
2143,40027,3.9
2144,40029,7.5
2145,40031,4.7
2146,40033,4.9
2147,40035,4.9
2148,40037,5.9
2149,40039,4.7
2150,40041,5.0
2151,40043,4.1
2152,40045,3.9
2153,40047,4.3
2154,40049,5.4
2155,40051,5.0
2156,40053,3.3
2157,40055,7.5
2158,40057,3.9
2159,40059,3.9
2160,40061,8.4
2161,40063,7.5
2162,40065,4.5
2163,40067,7.2
2164,40069,5.9
2165,40071,6.4
2166,40073,3.4
2167,40075,5.4
2168,40077,8.8
2169,40079,7.0
2170,40081,5.3
2171,40083,4.1
2172,40085,3.2
2173,40087,4.2
2174,40089,7.2
2175,40091,9.0
2176,40093,4.2
2177,40095,5.1
2178,40097,5.2
2179,40099,4.5
2180,40101,5.5
2181,40103,3.7
2182,40105,6.2
2183,40107,6.2
2184,40109,4.3
2185,40111,7.2
2186,40113,5.8
2187,40115,5.1
2188,40117,6.7
2189,40119,3.8
2190,40121,6.3
2191,40123,4.1
2192,40125,4.7
2193,40127,7.6
2194,40129,5.2
2195,40131,5.1
2196,40133,7.1
2197,40135,6.3
2198,40137,9.7
2199,40139,3.5
2200,40141,4.5
2201,40143,4.7
2202,40145,4.8
2203,40147,4.9
2204,40149,7.2
2205,40151,3.3
2206,40153,6.3
2207,41001,6.4
2208,41003,3.9
2209,41005,4.4
2210,41007,4.8
2211,41009,6.2
2212,41011,6.5
2213,41013,7.0
2214,41015,6.9
2215,41017,4.9
2216,41019,6.4
2217,41021,5.9
2218,41023,7.8
2219,41025,6.3
2220,41027,4.2
2221,41029,5.8
2222,41031,6.7
2223,41033,6.6
2224,41035,6.9
2225,41037,6.4
2226,41039,5.1
2227,41041,5.7
2228,41043,5.8
2229,41045,5.6
2230,41047,5.1
2231,41049,5.0
2232,41051,4.3
2233,41053,5.1
2234,41055,4.6
2235,41057,5.0
2236,41059,5.4
2237,41061,5.9
2238,41063,6.7
2239,41065,4.9
2240,41067,4.2
2241,41069,4.3
2242,41071,4.7
2243,42001,4.0
2244,42003,5.2
2245,42005,7.6
2246,42007,6.3
2247,42009,5.9
2248,42011,5.0
2249,42013,5.3
2250,42015,6.6
2251,42017,4.6
2252,42019,5.1
2253,42021,6.9
2254,42023,7.5
2255,42025,6.0
2256,42027,4.2
2257,42029,3.9
2258,42031,6.4
2259,42033,7.4
2260,42035,7.1
2261,42037,5.6
2262,42039,6.0
2263,42041,4.1
2264,42043,4.8
2265,42045,4.9
2266,42047,5.6
2267,42049,6.6
2268,42051,8.2
2269,42053,8.0
2270,42055,5.2
2271,42057,6.4
2272,42059,7.8
2273,42061,7.1
2274,42063,7.3
2275,42065,6.9
2276,42067,5.4
2277,42069,5.7
2278,42071,4.2
2279,42073,6.8
2280,42075,4.5
2281,42077,5.4
2282,42079,6.4
2283,42081,6.7
2284,42083,6.7
2285,42085,6.0
2286,42087,5.8
2287,42089,6.3
2288,42091,4.2
2289,42093,4.3
2290,42095,5.2
2291,42097,6.3
2292,42099,4.7
2293,42101,6.8
2294,42103,6.4
2295,42105,7.9
2296,42107,6.2
2297,42109,4.7
2298,42111,7.3
2299,42113,7.2
2300,42115,5.7
2301,42117,7.2
2302,42119,4.8
2303,42121,7.3
2304,42123,5.5
2305,42125,6.2
2306,42127,5.9
2307,42129,5.9
2308,42131,6.2
2309,42133,4.7
2310,44001,4.6
2311,44003,4.8
2312,44005,4.7
2313,44007,5.7
2314,44009,4.8
2315,45001,5.3
2316,45003,4.8
2317,45005,8.5
2318,45007,4.4
2319,45009,9.0
2320,45011,7.0
2321,45013,4.6
2322,45015,4.4
2323,45017,6.0
2324,45019,3.9
2325,45021,5.7
2326,45023,6.9
2327,45025,4.8
2328,45027,6.3
2329,45029,5.4
2330,45031,6.0
2331,45033,6.6
2332,45035,4.4
2333,45037,5.5
2334,45039,7.0
2335,45041,5.1
2336,45043,6.5
2337,45045,4.1
2338,45047,5.0
2339,45049,5.7
2340,45051,5.6
2341,45053,4.2
2342,45055,5.1
2343,45057,5.2
2344,45059,5.0
2345,45061,6.9
2346,45063,4.0
2347,45065,5.5
2348,45067,8.4
2349,45069,8.2
2350,45071,4.4
2351,45073,5.0
2352,45075,8.6
2353,45077,4.8
2354,45079,4.7
2355,45081,4.4
2356,45083,4.6
2357,45085,5.7
2358,45087,6.0
2359,45089,7.5
2360,45091,4.5
2361,46003,2.1
2362,46005,2.5
2363,46007,3.7
2364,46009,2.6
2365,46011,2.6
2366,46013,2.5
2367,46015,2.4
2368,46017,7.9
2369,46019,3.2
2370,46021,2.8
2371,46023,3.0
2372,46025,3.7
2373,46027,2.8
2374,46029,2.9
2375,46031,4.2
2376,46033,3.8
2377,46035,2.3
2378,46037,4.1
2379,46039,4.6
2380,46041,8.5
2381,46043,2.4
2382,46045,2.2
2383,46047,4.2
2384,46049,2.5
2385,46051,3.1
2386,46053,2.9
2387,46055,2.3
2388,46057,3.2
2389,46059,2.0
2390,46061,3.2
2391,46063,2.7
2392,46065,2.2
2393,46067,2.4
2394,46069,2.5
2395,46071,3.9
2396,46073,2.2
2397,46075,2.3
2398,46077,2.5
2399,46079,3.2
2400,46081,3.1
2401,46083,2.0
2402,46085,4.5
2403,46087,2.3
2404,46089,3.3
2405,46091,3.6
2406,46093,3.0
2407,46095,3.9
2408,46097,2.5
2409,46099,2.4
2410,46101,3.4
2411,46102,10.0
2412,46103,2.9
2413,46105,2.8
2414,46107,2.6
2415,46109,3.9
2416,46111,2.8
2417,46115,2.9
2418,46117,2.2
2419,46119,2.2
2420,46121,6.1
2421,46123,2.1
2422,46125,2.7
2423,46127,2.9
2424,46129,4.8
2425,46135,2.4
2426,46137,4.2
2427,47001,5.0
2428,47003,5.1
2429,47005,7.3
2430,47007,7.1
2431,47009,4.5
2432,47011,4.5
2433,47013,7.0
2434,47015,4.7
2435,47017,6.8
2436,47019,5.7
2437,47021,4.0
2438,47023,5.1
2439,47025,6.3
2440,47027,6.7
2441,47029,6.5
2442,47031,4.8
2443,47033,5.3
2444,47035,6.0
2445,47037,3.6
2446,47039,7.0
2447,47041,5.7
2448,47043,4.4
2449,47045,6.3
2450,47047,5.2
2451,47049,6.3
2452,47051,5.0
2453,47053,6.0
2454,47055,4.1
2455,47057,5.5
2456,47059,5.5
2457,47061,6.7
2458,47063,5.2
2459,47065,4.7
2460,47067,8.0
2461,47069,6.3
2462,47071,6.1
2463,47073,5.5
2464,47075,6.6
2465,47077,7.0
2466,47079,5.9
2467,47081,4.6
2468,47083,7.7
2469,47085,6.1
2470,47087,7.2
2471,47089,5.4
2472,47091,4.9
2473,47093,4.1
2474,47095,7.9
2475,47097,7.8
2476,47099,5.8
2477,47101,6.1
2478,47103,4.2
2479,47105,4.8
2480,47107,5.5
2481,47109,7.1
2482,47111,4.4
2483,47113,5.0
2484,47115,6.4
2485,47117,4.6
2486,47119,4.1
2487,47121,6.9
2488,47123,5.4
2489,47125,5.2
2490,47127,3.9
2491,47129,6.6
2492,47131,7.2
2493,47133,5.5
2494,47135,6.5
2495,47137,6.7
2496,47139,5.8
2497,47141,5.0
2498,47143,7.4
2499,47145,5.6
2500,47147,4.2
2501,47149,3.8
2502,47151,7.6
2503,47153,5.9
2504,47155,5.0
2505,47157,5.5
2506,47159,4.6
2507,47161,7.0
2508,47163,5.3
2509,47165,3.9
2510,47167,5.8
2511,47169,4.9
2512,47171,7.2
2513,47173,5.8
2514,47175,6.3
2515,47177,4.9
2516,47179,4.9
2517,47181,6.7
2518,47183,6.1
2519,47185,5.1
2520,47187,3.5
2521,47189,3.9
2522,48001,4.3
2523,48003,4.8
2524,48005,6.0
2525,48007,5.7
2526,48009,4.4
2527,48011,2.8
2528,48013,5.3
2529,48015,5.3
2530,48017,4.4
2531,48019,4.1
2532,48021,3.7
2533,48023,3.6
2534,48025,7.7
2535,48027,4.4
2536,48029,3.7
2537,48031,3.1
2538,48033,3.6
2539,48035,4.3
2540,48037,4.7
2541,48039,5.2
2542,48041,3.4
2543,48043,3.8
2544,48045,4.4
2545,48047,11.9
2546,48049,4.4
2547,48051,4.7
2548,48053,3.5
2549,48055,4.3
2550,48057,5.6
2551,48059,4.3
2552,48061,7.2
2553,48063,6.8
2554,48065,3.4
2555,48067,7.3
2556,48069,3.1
2557,48071,6.1
2558,48073,5.2
2559,48075,3.1
2560,48077,4.5
2561,48079,5.6
2562,48081,4.1
2563,48083,5.9
2564,48085,3.5
2565,48087,3.5
2566,48089,4.8
2567,48091,3.6
2568,48093,4.3
2569,48095,3.6
2570,48097,4.0
2571,48099,4.5
2572,48101,5.4
2573,48103,8.5
2574,48105,7.6
2575,48107,4.4
2576,48109,3.8
2577,48111,2.3
2578,48113,4.0
2579,48115,5.1
2580,48117,3.1
2581,48119,4.0
2582,48121,3.4
2583,48123,5.6
2584,48125,5.1
2585,48127,7.2
2586,48129,4.3
2587,48131,11.1
2588,48133,5.5
2589,48135,6.4
2590,48137,4.9
2591,48139,3.8
2592,48141,4.9
2593,48143,4.1
2594,48145,4.5
2595,48147,3.8
2596,48149,3.7
2597,48151,4.4
2598,48153,5.2
2599,48155,3.9
2600,48157,5.0
2601,48159,5.0
2602,48161,6.9
2603,48163,5.0
2604,48165,3.7
2605,48167,5.3
2606,48169,3.9
2607,48171,2.8
2608,48173,3.8
2609,48175,5.8
2610,48177,4.3
2611,48179,7.0
2612,48181,3.8
2613,48183,6.1
2614,48185,6.7
2615,48187,3.6
2616,48189,5.7
2617,48191,7.1
2618,48193,4.9
2619,48195,3.1
2620,48197,3.9
2621,48199,6.1
2622,48201,5.3
2623,48203,6.1
2624,48205,2.2
2625,48207,4.4
2626,48209,3.3
2627,48211,3.8
2628,48213,4.7
2629,48215,7.8
2630,48217,4.5
2631,48219,4.7
2632,48221,4.7
2633,48223,4.0
2634,48225,4.5
2635,48227,5.6
2636,48229,6.7
2637,48231,4.3
2638,48233,5.6
2639,48235,3.2
2640,48237,4.9
2641,48239,4.8
2642,48241,7.8
2643,48243,2.9
2644,48245,7.0
2645,48247,9.6
2646,48249,10.7
2647,48251,4.3
2648,48253,5.9
2649,48255,4.9
2650,48257,3.8
2651,48259,3.2
2652,48261,5.2
2653,48263,3.0
2654,48265,3.6
2655,48267,3.9
2656,48269,4.0
2657,48271,6.0
2658,48273,6.9
2659,48275,4.4
2660,48277,4.6
2661,48279,6.6
2662,48281,4.1
2663,48283,5.2
2664,48285,4.3
2665,48287,3.8
2666,48289,6.6
2667,48291,7.6
2668,48293,5.7
2669,48295,4.6
2670,48297,6.0
2671,48299,4.1
2672,48301,4.3
2673,48303,3.4
2674,48305,4.0
2675,48307,4.6
2676,48309,4.0
2677,48311,2.2
2678,48313,5.1
2679,48315,7.1
2680,48317,4.4
2681,48319,3.7
2682,48321,7.4
2683,48323,11.3
2684,48325,4.4
2685,48327,4.6
2686,48329,4.4
2687,48331,5.2
2688,48333,4.2
2689,48335,7.2
2690,48337,5.0
2691,48339,4.9
2692,48341,3.0
2693,48343,11.0
2694,48345,3.7
2695,48347,4.7
2696,48349,4.2
2697,48351,8.1
2698,48353,4.9
2699,48355,5.7
2700,48357,5.4
2701,48359,3.0
2702,48361,6.8
2703,48363,5.6
2704,48365,7.4
2705,48367,4.1
2706,48369,2.5
2707,48371,5.9
2708,48373,6.3
2709,48375,3.3
2710,48377,10.7
2711,48379,4.0
2712,48381,3.0
2713,48383,6.6
2714,48385,5.7
2715,48387,5.9
2716,48389,5.6
2717,48391,6.8
2718,48393,4.7
2719,48395,5.0
2720,48397,3.5
2721,48399,4.1
2722,48401,5.8
2723,48403,9.6
2724,48405,9.1
2725,48407,6.3
2726,48409,7.6
2727,48411,3.4
2728,48413,5.7
2729,48415,5.9
2730,48417,3.9
2731,48419,6.0
2732,48421,2.9
2733,48423,4.5
2734,48425,4.7
2735,48427,13.6
2736,48429,5.3
2737,48431,4.2
2738,48433,4.6
2739,48435,8.0
2740,48437,4.3
2741,48439,3.9
2742,48441,3.7
2743,48443,4.1
2744,48445,4.9
2745,48447,3.7
2746,48449,6.2
2747,48451,4.5
2748,48453,3.1
2749,48455,6.3
2750,48457,7.6
2751,48459,6.5
2752,48461,5.4
2753,48463,5.3
2754,48465,6.3
2755,48467,4.3
2756,48469,5.4
2757,48471,5.3
2758,48473,5.7
2759,48475,5.8
2760,48477,5.1
2761,48479,4.9
2762,48481,5.0
2763,48483,5.0
2764,48485,4.4
2765,48487,4.8
2766,48489,12.4
2767,48491,3.3
2768,48493,3.9
2769,48495,7.9
2770,48497,4.8
2771,48499,5.3
2772,48501,4.7
2773,48503,4.4
2774,48505,11.0
2775,48507,14.1
2776,49001,5.0
2777,49003,3.5
2778,49005,3.1
2779,49007,5.9
2780,49009,4.9
2781,49011,3.1
2782,49013,8.9
2783,49015,6.3
2784,49017,8.4
2785,49019,5.8
2786,49021,4.3
2787,49023,3.6
2788,49025,3.8
2789,49027,3.3
2790,49029,3.0
2791,49031,6.0
2792,49033,3.2
2793,49035,3.2
2794,49037,8.0
2795,49039,3.9
2796,49041,4.4
2797,49043,3.1
2798,49045,3.8
2799,49047,9.3
2800,49049,3.0
2801,49051,3.3
2802,49053,3.7
2803,49055,7.7
2804,49057,3.8
2805,50001,3.1
2806,50003,3.8
2807,50005,4.1
2808,50007,2.5
2809,50009,5.9
2810,50011,3.2
2811,50013,4.0
2812,50015,4.3
2813,50017,3.1
2814,50019,5.2
2815,50021,3.9
2816,50023,3.2
2817,50025,3.3
2818,50027,2.9
2819,51001,4.8
2820,51003,3.5
2821,51005,5.1
2822,51007,4.2
2823,51009,4.3
2824,51011,4.6
2825,51013,2.6
2826,51015,3.6
2827,51017,3.7
2828,51019,4.1
2829,51021,5.2
2830,51023,3.6
2831,51025,6.0
2832,51027,10.8
2833,51029,5.3
2834,51031,4.4
2835,51033,4.4
2836,51035,5.1
2837,51036,4.5
2838,51037,5.0
2839,51041,3.8
2840,51043,3.5
2841,51045,4.7
2842,51047,3.8
2843,51049,4.6
2844,51051,9.9
2845,51053,4.8
2846,51057,4.8
2847,51059,3.2
2848,51061,3.4
2849,51063,4.0
2850,51065,3.3
2851,51067,4.3
2852,51069,3.5
2853,51071,5.3
2854,51073,3.7
2855,51075,3.7
2856,51077,5.2
2857,51079,3.2
2858,51081,5.1
2859,51083,5.8
2860,51085,3.5
2861,51087,3.8
2862,51089,5.6
2863,51091,3.2
2864,51093,4.3
2865,51095,3.9
2866,51097,4.2
2867,51099,4.2
2868,51101,3.7
2869,51103,5.6
2870,51105,6.8
2871,51107,3.2
2872,51109,3.8
2873,51111,4.6
2874,51113,3.1
2875,51115,4.0
2876,51117,5.6
2877,51119,3.8
2878,51121,4.0
2879,51125,3.6
2880,51127,3.4
2881,51131,5.7
2882,51133,5.4
2883,51135,3.9
2884,51137,4.0
2885,51139,5.6
2886,51141,4.8
2887,51143,4.7
2888,51145,3.5
2889,51147,5.3
2890,51149,4.8
2891,51153,3.6
2892,51155,5.8
2893,51157,3.5
2894,51159,3.7
2895,51161,3.5
2896,51163,4.4
2897,51165,3.5
2898,51167,6.5
2899,51169,4.8
2900,51171,3.7
2901,51173,5.8
2902,51175,3.9
2903,51177,4.1
2904,51179,3.9
2905,51181,5.3
2906,51183,6.1
2907,51185,7.5
2908,51187,4.0
2909,51191,4.5
2910,51193,4.6
2911,51195,8.5
2912,51197,5.7
2913,51199,3.9
2914,51510,2.9
2915,51520,5.1
2916,51530,5.1
2917,51540,3.3
2918,51550,4.3
2919,51570,4.4
2920,51580,5.8
2921,51590,6.0
2922,51595,6.5
2923,51600,3.0
2924,51610,2.7
2925,51620,5.9
2926,51630,4.7
2927,51640,5.0
2928,51650,5.6
2929,51660,4.7
2930,51670,6.5
2931,51678,6.3
2932,51680,5.2
2933,51683,3.6
2934,51685,3.5
2935,51690,7.1
2936,51700,5.1
2937,51710,5.2
2938,51720,6.8
2939,51730,7.6
2940,51735,3.5
2941,51740,6.1
2942,51750,5.4
2943,51760,4.6
2944,51770,4.3
2945,51775,3.9
2946,51790,3.9
2947,51800,4.7
2948,51810,3.9
2949,51820,4.1
2950,51830,5.6
2951,51840,3.9
2952,53001,6.8
2953,53003,5.1
2954,53005,6.5
2955,53007,5.9
2956,53009,7.9
2957,53011,6.3
2958,53013,6.8
2959,53015,7.5
2960,53017,7.1
2961,53019,10.8
2962,53021,7.6
2963,53023,6.0
2964,53025,7.4
2965,53027,8.7
2966,53029,6.0
2967,53031,7.3
2968,53033,3.9
2969,53035,5.8
2970,53037,6.0
2971,53039,7.1
2972,53041,8.1
2973,53043,5.7
2974,53045,7.8
2975,53047,6.9
2976,53049,8.3
2977,53051,9.1
2978,53053,6.3
2979,53055,4.8
2980,53057,6.8
2981,53059,7.2
2982,53061,4.4
2983,53063,6.3
2984,53065,8.6
2985,53067,5.8
2986,53069,9.0
2987,53071,5.6
2988,53073,6.0
2989,53075,5.1
2990,53077,8.0
2991,54001,6.7
2992,54003,3.8
2993,54005,8.9
2994,54007,8.6
2995,54009,6.9
2996,54011,4.7
2997,54013,12.6
2998,54015,10.2
2999,54017,4.9
3000,54019,7.9
3001,54021,8.2
3002,54023,5.8
3003,54025,5.3
3004,54027,4.2
3005,54029,6.9
3006,54031,5.6
3007,54033,5.8
3008,54035,6.4
3009,54037,3.3
3010,54039,5.4
3011,54041,8.4
3012,54043,8.4
3013,54045,10.1
3014,54047,12.1
3015,54049,6.4
3016,54051,7.9
3017,54053,7.1
3018,54055,6.5
3019,54057,5.9
3020,54059,12.5
3021,54061,4.3
3022,54063,4.5
3023,54065,4.3
3024,54067,8.8
3025,54069,5.5
3026,54071,3.9
3027,54073,8.1
3028,54075,6.6
3029,54077,5.6
3030,54079,4.8
3031,54081,6.9
3032,54083,5.9
3033,54085,6.5
3034,54087,10.1
3035,54089,6.1
3036,54091,5.5
3037,54093,5.3
3038,54095,8.7
3039,54097,7.4
3040,54099,6.5
3041,54101,8.3
3042,54103,9.2
3043,54105,8.7
3044,54107,5.7
3045,54109,10.1
3046,55001,6.2
3047,55003,5.6
3048,55005,4.7
3049,55007,7.1
3050,55009,3.7
3051,55011,4.6
3052,55013,6.2
3053,55015,3.3
3054,55017,4.4
3055,55019,4.0
3056,55021,3.7
3057,55023,5.0
3058,55025,2.9
3059,55027,3.8
3060,55029,5.1
3061,55031,5.5
3062,55033,4.2
3063,55035,3.5
3064,55037,6.2
3065,55039,3.6
3066,55041,6.4
3067,55043,4.1
3068,55045,3.4
3069,55047,5.0
3070,55049,3.6
3071,55051,7.7
3072,55053,4.5
3073,55055,4.0
3074,55057,4.6
3075,55059,4.8
3076,55061,3.8
3077,55063,3.7
3078,55065,3.3
3079,55067,5.3
3080,55069,4.5
3081,55071,4.5
3082,55073,3.7
3083,55075,5.6
3084,55077,5.2
3085,55078,7.8
3086,55079,5.1
3087,55081,4.0
3088,55083,4.6
3089,55085,5.0
3090,55087,3.6
3091,55089,3.5
3092,55091,3.9
3093,55093,4.2
3094,55095,4.7
3095,55097,3.9
3096,55099,4.4
3097,55101,5.1
3098,55103,3.8
3099,55105,4.6
3100,55107,5.3
3101,55109,3.9
3102,55111,3.7
3103,55113,6.5
3104,55115,4.3
3105,55117,3.5
3106,55119,4.3
3107,55121,3.8
3108,55123,3.7
3109,55125,5.8
3110,55127,4.1
3111,55129,5.2
3112,55131,3.5
3113,55133,3.6
3114,55135,4.1
3115,55137,5.2
3116,55139,3.7
3117,55141,5.0
3118,56001,3.2
3119,56003,4.9
3120,56005,7.1
3121,56007,4.6
3122,56009,6.2
3123,56011,4.5
3124,56013,7.1
3125,56015,3.4
3126,56017,4.8
3127,56019,5.3
3128,56021,4.1
3129,56023,4.6
3130,56025,7.1
3131,56027,3.2
3132,56029,4.7
3133,56031,4.8
3134,56033,4.6
3135,56035,6.4
3136,56037,6.0
3137,56039,3.4
3138,56041,5.8
3139,56043,4.7
3140,56045,4.9
3141,72001,16.9
3142,72003,14.0
3143,72005,14.8
3144,72007,14.3
3145,72009,15.0
3146,72011,12.9
3147,72013,13.2
3148,72015,18.4
3149,72017,14.2
3150,72019,13.0
3151,72021,8.9
3152,72023,12.5
3153,72025,10.3
3154,72027,12.4
3155,72029,11.6
3156,72031,8.6
3157,72033,10.0
3158,72035,10.7
3159,72037,13.0
3160,72039,16.2
3161,72041,10.3
3162,72043,18.2
3163,72045,13.7
3164,72047,12.4
3165,72049,3.3
3166,72051,8.0
3167,72053,13.7
3168,72054,14.5
3169,72055,18.2
3170,72057,16.4
3171,72059,18.7
3172,72061,6.0
3173,72063,8.6
3174,72065,15.6
3175,72067,12.3
3176,72069,14.1
3177,72071,14.1
3178,72073,13.1
3179,72075,14.7
3180,72077,13.3
3181,72079,18.5
3182,72081,19.2
3183,72083,14.9
3184,72085,13.6
3185,72087,11.4
3186,72089,14.2
3187,72091,11.6
3188,72093,15.2
3189,72095,18.5
3190,72097,13.7
3191,72099,15.5
3192,72101,13.5
3193,72103,12.4
3194,72105,13.0
3195,72107,15.5
3196,72109,20.6
3197,72111,16.6
3198,72113,13.4
3199,72115,16.0
3200,72117,15.7
3201,72119,10.5
3202,72121,15.9
3203,72123,21.7
3204,72125,15.1
3205,72127,7.9
3206,72129,12.6
3207,72131,18.9
3208,72133,16.8
3209,72135,8.4
3210,72137,8.9
3211,72139,7.2
3212,72141,15.5
3213,72143,11.6
3214,72145,13.9
3215,72147,10.6
3216,72149,20.2
3217,72151,16.9
3218,72153,18.8
