,City,State,Population,lat,lon
0,Marysville,Washington,63269,48.0517637,-122.1770818
1,Perris,California,72326,33.7825194,-117.2286478
2,Cleveland,Ohio,390113,41.49932,-81.6943605
3,Worcester,Massachusetts,182544,42.262593200000005,-71.8022934
4,Columbia,South Carolina,133358,34.0007104,-81.0348144
5,Waterbury,Connecticut,109676,41.558152500000006,-73.0514965
6,Eagan,Minnesota,65453,44.804132200000005,-93.1668858
7,Southfield,Michigan,73006,42.4733688,-83.2218731
8,Lafayette,Louisiana,124276,30.2240897,-92.0198427
9,Boise City,Idaho,214237,43.6187102,-116.2146068
10,Elkhart,Indiana,51265,41.6819935,-85.9766671
11,Buena Park,California,82882,33.8675143,-117.9981181
12,Marietta,Georgia,59089,33.952602,-84.5499327
13,Parker,Colorado,48608,39.5186002,-104.7613633
14,West Palm Beach,Florida,102436,26.7153424,-80.0533746
15,Salem,Massachusetts,42544,42.51954,-70.8967155
16,Aurora,Illinois,199963,41.7605849,-88.3200715
17,Leesburg,Virginia,47673,39.1156615,-77.5636015
18,Doral,Florida,50213,25.8195424,-80.3553302
19,Westminster,California,91739,33.7513419,-117.9939921
20,Lubbock,Texas,239538,33.5778631,-101.8551665
21,Overland Park,Kansas,181260,38.9822282,-94.6707917
22,Jackson,Mississippi,172638,32.298757300000005,-90.1848103
23,Gastonia,North Carolina,73209,35.262082,-81.1873005
24,Daytona Beach,Florida,62316,29.2108147,-81.02283309999999
25,Kansas City,Missouri,467007,39.0997265,-94.5785667
26,Rancho Palos Verdes,California,42448,33.7444613,-118.3870173
27,Burnsville,Minnesota,61434,44.7677424,-93.2777226
28,Rowlett,Texas,58043,32.9029017,-96.56388
29,Roswell,New Mexico,48611,33.3942655,-104.5230242
30,Montgomery,Alabama,201332,32.366805199999995,-86.2999689
31,Logan,Utah,48913,41.7369803,-111.8338359
32,Woburn,Massachusetts,39083,42.4792618,-71.1522765
33,Allentown,Pennsylvania,118577,40.6084305,-75.4901833
34,Mount Pleasant,South Carolina,74885,32.8323225,-79.82842579999999
35,Columbus,Georgia,202824,32.4609764,-84.9877094
36,Buffalo,New York,258959,42.8864468,-78.8783689
37,New Berlin,Wisconsin,39834,42.9764027,-88.10842240000001
38,North Richland Hills,Texas,67317,32.8342952,-97.2289029
39,Lima,Ohio,38355,40.742551,-84.1052256
40,Sacramento,California,479686,38.5815719,-121.4943996
41,Fort Smith,Arkansas,87650,35.385924200000005,-94.3985475
42,East Providence,Rhode Island,47149,41.813711600000005,-71.37005450000001
43,Urbandale,Iowa,41776,41.6266555,-93.7121656
44,Mount Vernon,New York,68224,40.9125992,-73.8370786
45,Lakewood,Colorado,147214,39.7047095,-105.08137340000002
46,Henderson,Nevada,270811,36.0395247,-114.9817213
47,Covina,California,48508,34.0900091,-117.8903397
48,Stamford,Connecticut,126456,41.0534302,-73.53873409999999
49,Bloomington,Indiana,82575,39.165325,-86.5263857
50,Kingsport,Tennessee,52962,36.548434,-82.5618186
51,Spokane,Washington,210721,47.6587802,-117.4260466
52,Kennewick,Washington,76762,46.2112458,-119.1372338
53,Philadelphia,Pennsylvania,1553165,39.9525839,-75.1652215
54,Bellingham,Washington,82631,48.74908,-122.4781473
55,Visalia,California,127763,36.3302284,-119.2920585
56,La Crosse,Wisconsin,51522,43.8013556,-91.2395807
57,Council Bluffs,Iowa,61969,41.2619444,-95.8608333
58,North Lauderdale,Florida,42757,26.217305,-80.2258811
59,Dallas,Texas,1257676,32.7766642,-96.7969879
60,Antioch,California,107100,38.0049214,-121.805789
61,Sterling Heights,Michigan,131224,42.5803122,-83.0302033
62,Deerfield Beach,Florida,78041,26.3184123,-80.0997657
63,Fishers,Indiana,83891,39.95675479999999,-86.01335
64,Cheyenne,Wyoming,62448,41.1399814,-104.8202462
65,Murrieta,California,107479,33.553914299999995,-117.2139232
66,Lenexa,Kansas,50344,38.9536174,-94.7335709
67,Noblesville,Indiana,56540,40.0455917,-86.0085955
68,Southaven,Mississippi,50997,34.9889818,-90.0125913
69,Chino,California,80988,34.0122346,-117.688944
70,Gaithersburg,Maryland,65690,39.143440600000005,-77.2013705
71,Fountain Valley,California,56707,33.7091847,-117.9536697
72,Frederick,Maryland,66893,39.4142688,-77.41054090000002
73,Greenville,North Carolina,89130,35.612661,-77.3663538
74,DeKalb,Illinois,43849,41.9294736,-88.7503647
75,West Allis,Wisconsin,60697,43.0166806,-88.0070315
76,Thornton,Colorado,127359,39.8680412,-104.9719243
77,West Des Moines,Iowa,61255,41.5772115,-93.711332
78,Fall River,Massachusetts,88697,41.7014912,-71.1550451
79,Tulare,California,61170,36.20772879999999,-119.3473379
80,Chula Vista,California,256780,32.6400541,-117.0841955
81,Coral Springs,Florida,126604,26.271192,-80.27060440000001
82,Concord,North Carolina,83506,35.4087517,-80.579511
83,Smyrna,Georgia,53438,33.883992600000006,-84.51437609999999
84,Apopka,Florida,45587,28.6934076,-81.53221490000001
85,Grand Forks,North Dakota,54932,47.9252568,-97.0328547
86,Lancaster,Ohio,39325,39.71367539999999,-82.59932940000002
87,Naperville,Illinois,144864,41.7508391,-88.15353520000001
88,Hollywood,Florida,146526,26.0112014,-80.1494901
89,Rogers,Arkansas,60112,36.3320196,-94.1185366
90,New Orleans,Louisiana,378715,29.9510658,-90.0715323
91,Lakewood,Washington,59097,47.1717649,-122.518458
92,Oak Lawn,Illinois,57073,41.719978000000005,-87.7479528
93,Caldwell,Idaho,48957,43.6629384,-116.6873596
94,Portland,Oregon,609456,45.523062200000005,-122.6764816
95,Concord,California,125880,37.9779776,-122.0310733
96,Burien,Washington,49858,47.4703767,-122.3467918
97,St. Charles,Missouri,67569,38.7881062,-90.4974359
98,Waukesha,Wisconsin,71016,43.0116784,-88.2314813
99,Flagstaff,Arizona,68667,35.1982836,-111.651302
100,Puyallup,Washington,38609,47.1853785,-122.29289740000002
101,Schenectady,New York,65902,42.8142432,-73.93956870000001
102,Denver,Colorado,649495,39.7392358,-104.990251
103,Springfield,Illinois,117006,39.7817213,-89.6501481
104,Campbell,California,40584,37.2871651,-121.9499568
105,Moreno Valley,California,201175,33.9424658,-117.2296717
106,Kettering,Ohio,55870,39.6895036,-84.16882740000001
107,Lincoln Park,Michigan,37313,42.2505943,-83.17853609999999
108,Lake Havasu City,Arizona,52844,34.483901,-114.3224548
109,North Little Rock,Arkansas,66075,34.769535999999995,-92.2670941
110,Reno,Nevada,233294,39.5296329,-119.8138027
111,Littleton,Colorado,44275,39.613321,-105.0166498
112,Prescott,Arizona,40590,34.540024200000005,-112.4685025
113,Dublin,California,52105,37.7021521,-121.9357918
114,Texarkana,Texas,37442,33.425125,-94.0476882
115,Portland,Maine,66318,43.661471,-70.2553259
116,Brooklyn Park,Minnesota,78373,45.0941315,-93.3563405
117,West Haven,Connecticut,55046,41.2705484,-72.94697109999998
118,El Centro,California,43363,32.792,-115.5630514
119,The Colony,Texas,39458,33.0806083,-96.8928309
120,Flint,Michigan,99763,43.0125274,-83.6874562
121,Pittsburg,California,66695,38.027976200000005,-121.88468059999998
122,Buckeye,Arizona,56683,33.3703197,-112.58377659999998
123,Brea,California,40963,33.9166805,-117.9000604
124,Indio,California,83539,33.7205771,-116.2155619
125,Scottsdale,Arizona,226918,33.494170399999994,-111.9260519
126,Columbus,Ohio,822553,39.9611755,-82.9987942
127,Lancaster,Pennsylvania,59325,40.0378755,-76.3055144
128,Lincoln,Nebraska,268738,40.8257625,-96.6851982
129,Trenton,New Jersey,84349,40.2170534,-74.74293840000001
130,Boston,Massachusetts,645966,42.3600825,-71.0588801
131,Glendora,California,51074,34.136118700000004,-117.865339
132,Rochester,Minnesota,110742,44.0121221,-92.4801989
133,Florissant,Missouri,52363,38.789217,-90.322614
134,Annapolis,Maryland,38722,38.9784453,-76.4921829
135,Chapel Hill,North Carolina,59635,35.913199600000006,-79.05584449999999
136,Lawrence,Indiana,47135,39.8386516,-86.0252612
137,Calexico,California,39389,32.6789476,-115.4988834
138,Calumet City,Illinois,37240,41.6155909,-87.5294871
139,Missoula,Montana,69122,46.8787176,-113.996586
140,Clovis,California,99769,36.8252277,-119.7029194
141,Pearland,Texas,100065,29.5635666,-95.2860474
142,Gilbert,Arizona,229972,33.3528264,-111.789027
143,Wausau,Wisconsin,39309,44.9591352,-89.6301221
144,Raleigh,North Carolina,431746,35.7795897,-78.6381787
145,Orange,California,139969,33.7877944,-117.8531119
146,Walnut Creek,California,66900,37.9100783,-122.0651819
147,Bremerton,Washington,39056,47.567320200000005,-122.6329356
148,Porterville,California,55174,36.06523,-119.0167679
149,Marana,Arizona,38290,32.436381,-111.2224422
150,Tallahassee,Florida,186411,30.4382559,-84.2807329
151,Conroe,Texas,63032,30.3118769,-95.4560512
152,Blacksburg,Virginia,43609,37.2295733,-80.4139393
153,San Antonio,Texas,1409019,29.4241219,-98.4936282
154,Hartford,Connecticut,125017,41.7637111,-72.6850932
155,Waterloo,Iowa,68366,42.492786,-92.3425775
156,Binghamton,New York,46444,42.0986867,-75.9179738
157,Meridian,Idaho,83596,43.61210870000001,-116.3915131
158,Fond du Lac,Wisconsin,42970,43.7730448,-88.44705079999999
159,Baytown,Texas,75418,29.735504700000003,-94.9774274
160,Cary,North Carolina,151088,35.791540000000005,-78.78111690000001
161,Weymouth Town,Massachusetts,55419,42.2180724,-70.94103559999999
162,Tulsa,Oklahoma,398121,36.1539816,-95.992775
163,Mission,Texas,81050,26.2159066,-98.3252932
164,Cuyahoga Falls,Ohio,49267,41.1339449,-81.48455849999999
165,Malden,Massachusetts,60509,42.4250964,-71.066163
166,Allen,Texas,92020,33.1031744,-96.6705503
167,Tucson,Arizona,526116,32.2217429,-110.926479
168,Franklin,Tennessee,68886,35.9250637,-86.86888990000001
169,Shakopee,Minnesota,39167,44.79739620000001,-93.5272861
170,Jacksonville,Florida,842583,30.3321838,-81.655651
171,Atlantic City,New Jersey,39551,39.3642834,-74.4229266
172,Erie,Pennsylvania,100671,42.1292241,-80.085059
173,Merced,California,81102,37.3021632,-120.48296770000002
174,Abilene,Texas,120099,32.4487364,-99.7331439
175,Yorba Linda,California,67032,33.888625899999994,-117.8131125
176,Greenville,South Carolina,61397,34.8526176,-82.3940104
177,Huntersville,North Carolina,50458,35.410694,-80.8428504
178,St. Clair Shores,Michigan,60070,42.4974085,-82.8963604
179,Harrisburg,Pennsylvania,49188,40.273191100000005,-76.88670079999999
180,San Buenaventura (Ventura),California,108817,34.274646000000004,-119.22903159999998
181,Fremont,California,224922,37.548269700000006,-121.9885719
182,Pueblo,Colorado,108249,38.2544472,-104.6091409
183,Chelsea,Massachusetts,37670,42.3917638,-71.03282840000001
184,Belleville,Illinois,42895,38.5200504,-89.98399350000001
185,Minneapolis,Minnesota,400070,44.977753,-93.2650108
186,Bartlett,Tennessee,58226,35.2045328,-89.8739753
187,Wichita Falls,Texas,104898,33.913708500000006,-98.4933873
188,Missouri City,Texas,70185,29.6185669,-95.5377215
189,St. Louis,Missouri,318416,38.6270025,-90.1994042
190,Pharr,Texas,73790,26.1947962,-98.1836216
191,Albuquerque,New Mexico,556495,35.0853336,-106.6055534
192,Athens-Clarke County,Georgia,119980,33.9519347,-83.357567
193,South Jordan,Utah,59366,40.5621704,-111.929658
194,North Las Vegas,Nevada,226877,36.1988592,-115.1175013
195,Pomona,California,151348,34.055103,-117.7499909
196,Eastvale,California,55191,33.952463,-117.5848025
197,Grove City,Ohio,37490,39.8814519,-83.09296440000001
198,Lawrence,Kansas,90811,38.9716689,-95.2352501
199,Midland,Texas,123933,31.9973456,-102.0779146
200,Oklahoma City,Oklahoma,610613,35.4675602,-97.5164276
201,Oro Valley,Arizona,41627,32.3909071,-110.96648799999998
202,Mesa,Arizona,457587,33.4151843,-111.8314724
203,Norwalk,Connecticut,87776,41.117744,-73.4081575
204,Kentwood,Michigan,50233,42.8694731,-85.6447492
205,Brookfield,Wisconsin,37999,43.0605671,-88.1064787
206,Rockwall,Texas,40922,32.9312336,-96.4597089
207,Mishawaka,Indiana,47989,41.6619927,-86.15861559999999
208,Tustin,California,78327,33.7458511,-117.826166
209,St. Cloud,Minnesota,66297,45.5579451,-94.1632404
210,Passaic,New Jersey,70868,40.8567662,-74.12847640000001
211,Escondido,California,148738,33.1192068,-117.086421
212,San Bruno,California,42443,37.6304904,-122.4110835
213,Berkeley,California,116768,37.87159260000001,-122.272747
214,San Clemente,California,65040,33.4269728,-117.6119925
215,Lawton,Oklahoma,97151,34.6035669,-98.3959291
216,Eau Claire,Wisconsin,67545,44.811349,-91.4984941
217,Maricopa,Arizona,45508,33.058106300000006,-112.0476423
218,DeSoto,Texas,51483,32.589699800000005,-96.8570738
219,Fort Wayne,Indiana,256496,41.079273,-85.13935129999999
220,Shoreline,Washington,54790,47.7556531,-122.3415178
221,Medford,Massachusetts,57170,42.4184296,-71.10616390000001
222,La Habra,California,61653,33.9319578,-117.94617340000002
223,Albany,New York,98424,42.65257929999999,-73.7562317
224,Daly City,California,104739,37.6879241,-122.47020790000002
225,Taylor,Michigan,61817,42.240872,-83.2696509
226,Lynchburg,Virginia,78014,37.4137536,-79.1422464
227,Bowie,Maryland,56759,39.0067768,-76.77913649999999
228,Danbury,Connecticut,83684,41.394817,-73.45401109999999
229,Charlottesville,Virginia,44349,38.0293059,-78.4766781
230,Coral Gables,Florida,49631,25.72149,-80.2683838
231,Coeur d'Alene,Idaho,46402,47.6776832,-116.7804664
232,El Monte,California,115708,34.0686206,-118.0275667
233,Crystal Lake,Illinois,40388,42.2411344,-88.3161965
234,Danville,California,43341,37.8215929,-121.9999606
235,Goodyear,Arizona,72864,33.4353394,-112.3576567
236,Paterson,New Jersey,145948,40.9167654,-74.171811
237,Salem,Oregon,160614,44.9428975,-123.0350963
238,Kissimmee,Florida,65173,28.291955699999995,-81.40757099999999
239,Saginaw,Michigan,50303,43.4194699,-83.9508068
240,Brownsville,Texas,181860,25.9017472,-97.4974838
241,Flower Mound,Texas,68609,33.0145673,-97.0969552
242,Grapevine,Texas,50195,32.9342919,-97.0780654
243,Edina,Minnesota,49376,44.889686600000005,-93.3499489
244,Detroit,Michigan,688701,42.331427000000005,-83.0457538
245,Fairfield,Ohio,42635,39.3454673,-84.56031870000001
246,Mansfield,Texas,60872,32.5631924,-97.1416768
247,Rochester,New York,210358,43.16103,-77.61092190000001
248,Birmingham,Alabama,212113,33.5206608,-86.80249
249,Austin,Texas,885400,30.267153000000004,-97.7430608
250,Santa Barbara,California,90412,34.4208305,-119.6981901
251,Addison,Illinois,37385,41.931696,-87.9889556
252,Rio Rancho,New Mexico,91956,35.2327544,-106.6630437
253,Normal,Illinois,54664,40.5142026,-88.99063120000001
254,Romeoville,Illinois,39650,41.6475306,-88.0895061
255,Coon Rapids,Minnesota,62103,45.1732394,-93.3030063
256,San Mateo,California,101128,37.562991700000005,-122.3255254
257,Orlando,Florida,255483,28.5383355,-81.3792365
258,Casper,Wyoming,59628,42.866632,-106.313081
259,Bedford,Texas,48592,32.844017,-97.1430671
260,Wilmington,North Carolina,112067,34.2257255,-77.9447102
261,Pinellas Park,Florida,49998,27.8428025,-82.6995443
262,North Miami Beach,Florida,43250,25.9331488,-80.1625463
263,Kansas City,Kansas,148483,39.114053000000006,-94.6274636
264,Fitchburg,Massachusetts,40383,42.5834228,-71.8022955
265,Wheeling,Illinois,38015,42.1391927,-87.92895909999999
266,Newton,Massachusetts,87971,42.3370413,-71.2092214
267,North Miami,Florida,61007,25.8900949,-80.18671379999999
268,Norwich,Connecticut,40347,41.5242649,-72.07591049999999
269,Newark,New Jersey,278427,40.735657,-74.1723667
270,Alexandria,Louisiana,48426,31.3112936,-92.4451371
271,Blaine,Minnesota,60407,45.1607987,-93.2349489
272,Harlingen,Texas,65665,26.1906306,-97.6961026
273,Lompoc,California,43509,34.6391501,-120.4579409
274,Denton,Texas,123099,33.2148412,-97.1330683
275,Galveston,Texas,48733,29.3013479,-94.7976958
276,Greenwood,Indiana,53665,39.6136578,-86.10665259999999
277,Salinas,California,155662,36.6777372,-121.6555013
278,Miami Gardens,Florida,111378,25.9420377,-80.2456045
279,Huntington,West Virginia,49177,38.41924960000001,-82.445154
280,Laredo,Texas,248142,27.530567100000003,-99.4803241
281,Melbourne,Florida,77508,28.0836269,-80.6081089
282,Haltom City,Texas,43580,32.799573800000005,-97.2691817
283,Palm Bay,Florida,104898,28.03446210000001,-80.5886646
284,Wilson,North Carolina,49628,35.7212689,-77.91553950000001
285,Bountiful,Utah,43023,40.8893895,-111.880771
286,Ceres,California,46714,37.5949316,-120.9577098
287,Parma,Ohio,80429,41.404774200000006,-81.72290859999998
288,Rapid City,South Dakota,70812,44.0805434,-103.2310149
289,Bell Gardens,California,42889,33.9652918,-118.1514588
290,Commerce City,Colorado,49799,39.8083196,-104.9338675
291,Springfield,Massachusetts,153703,42.1014831,-72.589811
292,Fort Collins,Colorado,152061,40.5852602,-105.084423
293,San Leandro,California,87965,37.7249296,-122.1560768
294,Vista,California,96929,33.2000368,-117.2425355
295,Yonkers,New York,199766,40.9312099,-73.8987469
296,Cincinnati,Ohio,297517,39.1031182,-84.5120196
297,Hagerstown,Maryland,40612,39.6417629,-77.7199932
298,Sanford,Florida,56002,28.802861199999995,-81.269453
299,Union City,New Jersey,68247,40.6975898,-74.2631635
300,Toledo,Ohio,282313,41.6639383,-83.555212
301,Sierra Vista,Arizona,45129,31.5455001,-110.27728559999998
302,Newport News,Virginia,182020,37.0870821,-76.4730122
303,Hammond,Indiana,78967,41.5833688,-87.5000412
304,Buffalo Grove,Illinois,41778,42.1662831,-87.9631308
305,Sugar Land,Texas,83860,29.6196787,-95.6349463
306,Huntsville,Alabama,186254,34.730368799999994,-86.5861037
307,Lodi,California,63338,38.1341477,-121.2722194
308,Edmonds,Washington,40727,47.8106521,-122.3773552
309,Duncanville,Texas,39605,32.6518004,-96.9083366
310,Rocky Mount,North Carolina,56954,35.938210299999994,-77.7905339
311,Pontiac,Michigan,59887,42.6389216,-83.2910468
312,National City,California,59834,32.6781085,-117.0991967
313,Hayward,California,151574,37.6688205,-122.0807964
314,Niagara Falls,New York,49468,43.0962143,-79.03773879999999
315,Sparks,Nevada,93282,39.5349112,-119.7526886
316,Hanford,California,54686,36.3274502,-119.6456844
317,Cypress,California,49087,33.8169599,-118.0372852
318,Youngstown,Ohio,65184,41.0997803,-80.6495194
319,Madison,Alabama,45799,34.6992579,-86.7483318
320,Redlands,California,69999,34.055569299999995,-117.1825381
321,Cape Girardeau,Missouri,38816,37.3058839,-89.51814759999999
322,Nampa,Idaho,86518,43.5407172,-116.5634624
323,Washington,District of Columbia,646449,38.9071923,-77.03687070000001
324,Wheaton,Illinois,53648,41.8661403,-88.1070127
325,Lancaster,Texas,38071,32.5920798,-96.7561082
326,Rialto,California,101910,34.1064001,-117.3703235
327,Fargo,North Dakota,113658,46.8771863,-96.7898034
328,Peoria,Illinois,116513,40.6936488,-89.58898640000001
329,Omaha,Nebraska,434353,41.25236339999999,-95.9979883
330,Rancho Santa Margarita,California,49228,33.640855,-117.603104
331,Manhattan,Kansas,56143,39.1836082,-96.5716694
332,Palm Springs,California,46281,33.8302961,-116.54529209999998
333,San Diego,California,1355896,32.715738,-117.1610838
334,Santa Rosa,California,171990,38.440429,-122.7140548
335,Lowell,Massachusetts,108861,42.633424700000006,-71.3161718
336,Broken Arrow,Oklahoma,103500,36.060949,-95.7974526
337,Kent,Washington,124435,47.380933500000005,-122.2348431
338,Nashville,Tennessee,634464,36.1626638,-86.78160159999999
339,Hackensack,New Jersey,44113,40.8859325,-74.0434736
340,Broomfield,Colorado,59471,39.9205411,-105.0866504
341,Durham,North Carolina,245475,35.99403289999999,-78.898619
342,Wichita,Kansas,386552,37.688889,-97.336111
343,Cathedral City,California,52977,33.780538799999995,-116.4668036
344,Lakeville,Minnesota,58562,44.6496868,-93.24272
345,Elmhurst,Illinois,45556,41.8994744,-87.9403418
346,Weslaco,Texas,37093,26.1595194,-97.9908366
347,Greenfield,Wisconsin,37159,42.9614039,-88.0125865
348,Sunnyvale,California,147559,37.36883,-122.0363496
349,Santa Cruz,California,62864,36.9741171,-122.0307963
350,Kenosha,Wisconsin,99889,42.5847425,-87.8211854
351,State College,Pennsylvania,41757,40.7933949,-77.8600012
352,Mansfield,Ohio,46454,40.758390000000006,-82.51544709999999
353,Quincy,Illinois,40915,39.9356016,-91.4098726
354,Pompano Beach,Florida,104410,26.2378597,-80.1247667
355,San Angelo,Texas,97492,31.4637723,-100.4370375
356,Bloomington,Illinois,78902,40.4842027,-88.9936873
357,Tracy,California,84691,37.7396513,-121.4252227
358,Spartanburg,South Carolina,37647,34.949567200000004,-81.93204820000001
359,Nashua,New Hampshire,87137,42.7653662,-71.467566
360,Macon,Georgia,89981,32.8406946,-83.6324022
361,Hempstead,New York,55361,40.7062128,-73.6187397
362,Camden,New Jersey,76903,39.9259463,-75.1196199
363,Palm Desert,California,50508,33.7222445,-116.3744556
364,Streamwood,Illinois,40351,42.02558270000001,-88.1784085
365,Chesapeake,Virginia,230571,36.7682088,-76.2874927
366,Dublin,Ohio,43607,40.0992294,-83.11407709999999
367,Camarillo,California,66086,34.216393700000005,-119.0376023
368,Muskegon,Michigan,37213,43.2341813,-86.2483921
369,Elizabeth,New Jersey,127558,40.6639916,-74.2107006
370,Anchorage,Alaska,300950,61.2180556,-149.90027780000003
371,Minot,North Dakota,46321,48.23296679999999,-101.2922906
372,Davie,Florida,96830,26.0764783,-80.2521157
373,McAllen,Texas,136639,26.203407100000003,-98.2300124
374,McKinney,Texas,148559,33.197246500000006,-96.6397822
375,Killeen,Texas,137147,31.1171194,-97.7277959
376,Findlay,Ohio,41512,41.04422,-83.6499321
377,Oakland,California,406253,37.8043637,-122.27111370000002
378,Mountain View,California,77846,37.3860517,-122.0838511
379,Lake Elsinore,California,57525,33.668077200000006,-117.3272615
380,Amarillo,Texas,196429,35.2219971,-101.8312969
381,Provo,Utah,116288,40.2338438,-111.6585337
382,Atlanta,Georgia,447841,33.7489954,-84.3879824
383,Monterey Park,California,61085,34.0625106,-118.1228476
384,Strongsville,Ohio,44730,41.3144966,-81.83569
385,Madera,California,63105,36.961335600000005,-120.0607176
386,Decatur,Illinois,74710,39.84031470000001,-88.9548001
387,Woonsocket,Rhode Island,41026,42.0028761,-71.5147839
388,Mobile,Alabama,194899,30.6953657,-88.0398912
389,Vallejo,California,118837,38.1040864,-122.25663670000002
390,Arcadia,California,57639,34.139729200000005,-118.0353449
391,Collierville,Tennessee,47333,35.042036,-89.66452659999999
392,Jefferson City,Missouri,43330,38.57670170000001,-92.1735164
393,Longview,Texas,81443,32.5007037,-94.7404891
394,Chandler,Arizona,249146,33.3061605,-111.8412502
395,Arvada,Colorado,111707,39.8027644,-105.0874842
396,Alhambra,California,84577,34.095287,-118.1270146
397,Kokomo,Indiana,56895,40.486427,-86.13360329999999
398,Oakland Park,Florida,43286,26.1723065,-80.13198929999999
399,Indianapolis,Indiana,843393,39.768403,-86.158068
400,Boynton Beach,Florida,71097,26.531786600000004,-80.0905465
401,Apache Junction,Arizona,37130,33.4150485,-111.5495777
402,Mount Prospect,Illinois,54771,42.066416700000005,-87.9372908
403,Cranston,Rhode Island,80566,41.7798226,-71.4372796
404,Lafayette,Indiana,70373,40.4167022,-86.8752869
405,Olathe,Kansas,131885,38.8813958,-94.8191285
406,Johns Creek,Georgia,82788,34.0289259,-84.19857900000001
407,Greensboro,North Carolina,279639,36.0726354,-79.79197540000001
408,Kalamazoo,Michigan,75548,42.2917069,-85.5872286
409,Tigard,Oregon,50444,45.4312294,-122.7714861
410,Jacksonville,North Carolina,69079,34.7540524,-77.43024140000001
411,Citrus Heights,California,85285,38.7071247,-121.2810611
412,Tuscaloosa,Alabama,95334,33.2098407,-87.5691735
413,Ankeny,Iowa,51567,41.7317884,-93.6001278
414,Hawthorne,California,86199,33.9164032,-118.3525748
415,Hoover,Alabama,84126,33.405386699999994,-86.8113781
416,Delray Beach,Florida,64072,26.4614625,-80.07282009999999
417,Wellington,Florida,60202,26.6617635,-80.2683571
418,Bullhead City,Arizona,39383,35.1359386,-114.5285981
419,Weston,Florida,68388,26.1003654,-80.3997748
420,Troy,Michigan,82821,42.6064095,-83.1497751
421,New Rochelle,New York,79446,40.9114882,-73.78235490000002
422,Stockton,California,298118,37.9577016,-121.29077959999998
423,Royal Oak,Michigan,58946,42.4894801,-83.1446485
424,Titusville,Florida,44206,28.6122187,-80.8075537
425,Laguna Niguel,California,64652,33.5225261,-117.7075526
426,Spokane Valley,Washington,91113,47.6732281,-117.2393748
427,Costa Mesa,California,112174,33.6411316,-117.9186689
428,Grand Prairie,Texas,183372,32.7459645,-96.9977846
429,Portsmouth,Virginia,96205,36.8354258,-76.29827420000001
430,Lacey,Washington,44919,47.0342629,-122.8231915
431,Apex,North Carolina,42214,35.732652,-78.85028559999999
432,Sioux City,Iowa,82459,42.4999942,-96.4003069
433,Encinitas,California,61588,33.0369867,-117.2919818
434,Spanish Fork,Utah,36956,40.114955,-111.654923
435,Huntington Park,California,58879,33.981681200000004,-118.2250725
436,Eden Prairie,Minnesota,62603,44.8546856,-93.470786
437,Peoria,Arizona,162592,33.5805955,-112.2373779
438,Tempe,Arizona,168228,33.4255104,-111.9400054
439,Wilmington,Delaware,71525,39.7390721,-75.5397878
440,Taylorsville,Utah,60519,40.6677248,-111.9388258
441,Westland,Michigan,82578,42.324204,-83.400211
442,Mesquite,Texas,143484,32.7667955,-96.5991593
443,Burlington,North Carolina,51510,36.0956918,-79.43779909999999
444,Garland,Texas,234566,32.912624,-96.6388833
445,Richmond,California,107571,37.9357576,-122.3477486
446,Bismarck,North Dakota,67034,46.8083268,-100.7837392
447,Carson City,Nevada,54080,39.1637984,-119.7674034
448,Muskogee,Oklahoma,38863,35.747876899999994,-95.3696909
449,Augusta-Richmond County,Georgia,197350,33.4734978,-82.0105148
450,Fayetteville,North Carolina,204408,35.0526641,-78.87835849999999
451,Albany,Georgia,76185,31.5785074,-84.155741
452,Sayreville,New Jersey,44412,40.4594021,-74.360846
453,Newark,California,44096,37.5296593,-122.0402399
454,Diamond Bar,California,56449,34.028622600000006,-117.8103367
455,Decatur,Alabama,55816,34.6059253,-86.9833417
456,Chattanooga,Tennessee,173366,35.0456297,-85.3096801
457,Jeffersonville,Indiana,45929,38.27757020000001,-85.7371847
458,Bartlett,Illinois,41679,41.9950276,-88.1856301
459,Baldwin Park,California,76635,34.0852868,-117.96089779999998
460,Miami Beach,Florida,91026,25.790654,-80.1300455
461,Jackson,Tennessee,67685,35.6145169,-88.8139469
462,Port Arthur,Texas,54135,29.8849504,-93.939947
463,San Luis Obispo,California,46377,35.2827524,-120.6596156
464,Burleson,Texas,40714,32.5420821,-97.3208492
465,Newport Beach,California,87273,33.6189101,-117.9289469
466,Riverton,Utah,40921,40.521893,-111.9391023
467,Yakima,Washington,93257,46.6020711,-120.5058987
468,Dayton,Ohio,143355,39.7589478,-84.1916069
469,Gulfport,Mississippi,71012,30.367419800000004,-89.0928155
470,Long Beach,California,469428,33.770050399999995,-118.1937395
471,Chico,California,88077,39.7284944,-121.8374777
472,Hattiesburg,Mississippi,47556,31.3271189,-89.2903392
473,Eugene,Oregon,159190,44.0520691,-123.08675359999998
474,Colton,California,53243,34.0739016,-117.3136547
475,Montebello,California,63495,34.0165053,-118.1137535
476,Pleasanton,California,74110,37.6624312,-121.8746789
477,Everett,Washington,105370,47.9789848,-122.2020794
478,Hutchinson,Kansas,41889,38.0608445,-97.9297743
479,Fairfield,California,109320,38.2493581,-122.0399663
480,Avondale,Arizona,78822,33.4355977,-112.3496021
481,Euclid,Ohio,48139,41.5931049,-81.5267873
482,Battle Creek,Michigan,51848,42.32115220000001,-85.17971419999999
483,Bloomington,Minnesota,86319,44.840798,-93.2982799
484,Rock Island,Illinois,38877,41.5094771,-90.5787476
485,Beaverton,Oregon,93542,45.487062,-122.8037102
486,Kenner,Louisiana,66975,29.9940924,-90.2417434
487,Clovis,New Mexico,39508,34.4047987,-103.2052272
488,Troy,New York,49974,42.7284117,-73.69178509999999
489,Milpitas,California,69783,37.4323341,-121.8995741
490,Des Plaines,Illinois,58918,42.03336229999999,-87.88339909999999
491,Placentia,California,52206,33.87223710000001,-117.8703363
492,Taunton,Massachusetts,56069,41.900101,-71.08976740000001
493,Montclair,California,38027,34.0775104,-117.6897776
494,Johnson City,Tennessee,65123,36.3134397,-82.35347270000001
495,Savannah,Georgia,142772,32.0835407,-81.0998342
496,Warren,Ohio,40768,41.2375569,-80.81841659999999
497,Vancouver,Washington,167405,45.6387281,-122.6614861
498,Sunrise,Florida,90116,26.1669711,-80.25659499999999
499,Muncie,Indiana,70316,40.1933767,-85.3863599
500,Lehi,Utah,54382,40.3916172,-111.8507662
501,San Francisco,California,837442,37.7749295,-122.4194155
502,Fontana,California,203003,34.0922335,-117.435048
503,Frisco,Texas,136791,33.1506744,-96.8236116
504,Chino Hills,California,76572,33.989818799999995,-117.7325848
505,Poway,California,49417,32.9628232,-117.0358646
506,Huber Heights,Ohio,38142,39.843947,-84.1246608
507,New Brunswick,New Jersey,55831,40.4862157,-74.4518188
508,Norfolk,Virginia,246139,36.8507689,-76.28587259999999
509,Hillsboro,Oregon,97368,45.5228939,-122.989827
510,San Jacinto,California,45851,33.783908399999994,-116.95863500000002
511,Pensacola,Florida,52703,30.421309,-87.2169149
512,Hamilton,Ohio,62258,39.3995008,-84.5613355
513,Florence,South Carolina,37792,34.1954331,-79.7625625
514,San Bernardino,California,213708,34.1083449,-117.2897652
515,Peachtree Corners,Georgia,40059,33.9698929,-84.2214551
516,Victorville,California,121096,34.5362184,-117.2927641
517,Gary,Indiana,78450,41.5933696,-87.3464271
518,Casa Grande,Arizona,50111,32.8795022,-111.7573521
519,Morgan Hill,California,40836,37.130501200000005,-121.6543901
520,Dubuque,Iowa,58253,42.5005583,-90.6645718
521,Syracuse,New York,144669,43.0481221,-76.1474244
522,Clarksville,Tennessee,142357,36.5297706,-87.3594528
523,Lakeland,Florida,100710,28.0394654,-81.9498042
524,Valley Stream,New York,37659,40.6642699,-73.7084645
525,Dover,Delaware,37366,39.158168,-75.5243682
526,Moorhead,Minnesota,39398,46.8737648,-96.7678039
527,Culver City,California,39428,34.0211224,-118.3964665
528,Palatine,Illinois,69350,42.1103041,-88.03424
529,Seattle,Washington,652405,47.6062095,-122.33207079999998
530,Covington,Kentucky,40956,39.083671200000005,-84.5085536
531,Elk Grove,California,161007,38.4087993,-121.3716178
532,Shreveport,Louisiana,200327,32.5251516,-93.7501789
533,Ogden,Utah,84249,41.223,-111.9738304
534,Harrisonburg,Virginia,51395,38.4495688,-78.8689155
535,Inglewood,California,111542,33.9616801,-118.3531311
536,Pasadena,California,139731,34.1477849,-118.1445155
537,Lawrence,Massachusetts,77657,42.7070354,-71.1631137
538,Lake Oswego,Oregon,37610,45.4206749,-122.6706498
539,Petaluma,California,59440,38.232417,-122.6366524
540,Springfield,Ohio,59357,39.9242266,-83.8088171
541,Napa,California,79068,38.2975381,-122.286865
542,Aurora,Colorado,345803,39.7294319,-104.8319195
543,Duluth,Minnesota,86128,46.7866719,-92.1004852
544,Roanoke,Virginia,98465,37.2709704,-79.9414266
545,Bend,Oregon,81236,44.0581728,-121.3153096
546,Apple Valley,California,70924,34.5008311,-117.1858759
547,Waltham,Massachusetts,62227,42.376485200000005,-71.2356113
548,Fort Myers,Florida,68190,26.640628000000003,-81.87230840000001
549,Tampa,Florida,352957,27.950575,-82.4571776
550,Upland,California,75413,34.09751,-117.6483876
551,Danville,Virginia,42907,36.5859718,-79.3950228
552,Beloit,Wisconsin,36888,42.5083482,-89.0317765
553,Plantation,Florida,90268,26.1275862,-80.23310359999999
554,Colorado Springs,Colorado,439886,38.8338816,-104.8213634
555,Modesto,California,204933,37.6390972,-120.9968782
556,Grand Rapids,Michigan,192294,42.9633599,-85.6680863
557,Oak Park,Illinois,52066,41.885031700000006,-87.7845025
558,Sarasota,Florida,53326,27.3364347,-82.5306527
559,Jurupa Valley,California,98030,33.9971974,-117.4854802
560,Bellflower,California,77593,33.8816818,-118.1170117
561,Boulder,Colorado,103166,40.0149856,-105.2705456
562,Santa Fe,New Mexico,69976,35.686975200000006,-105.937799
563,Coachella,California,43092,33.6803003,-116.173894
564,Marlborough,Massachusetts,39414,42.3459271,-71.55228740000001
565,Riverside,California,316619,33.9533487,-117.3961564
566,Palmdale,California,157161,34.5794343,-118.11646129999998
567,Novato,California,54194,38.1074198,-122.5697032
568,Layton,Utah,70790,41.0602216,-111.9710529
569,Bolingbrook,Illinois,73936,41.6986416,-88.0683955
570,Mission Viejo,California,96346,33.6000232,-117.6719953
571,Glenview,Illinois,45417,42.0697509,-87.7878408
572,Lincoln,California,45237,38.891565,-121.29300790000002
573,Folsom,California,73098,38.6779591,-121.17605829999998
574,Prescott Valley,Arizona,39791,34.6100243,-112.315721
575,Las Cruces,New Mexico,101324,32.3199396,-106.7636538
576,Bozeman,Montana,39860,45.6769979,-111.0429339
577,Schaumburg,Illinois,74907,42.0333607,-88.0834059
578,Warren,Michigan,134873,42.5144566,-83.01465259999999
579,St. Peters,Missouri,54842,38.7874699,-90.6298922
580,Ames,Iowa,61792,42.034722,-93.62
581,Surprise,Arizona,123546,33.62923370000001,-112.3679279
582,Richardson,Texas,104475,32.948333500000004,-96.7298519
583,Midland,Michigan,42181,43.6155825,-84.24721159999999
584,San Marcos,Texas,54076,29.8832749,-97.9413941
585,Wilkes-Barre,Pennsylvania,41108,41.2459149,-75.88130749999999
586,Appleton,Wisconsin,73596,44.2619309,-88.4153847
587,Shawnee,Kansas,64323,39.0228485,-94.7151865
588,Mentor,Ohio,46979,41.6661573,-81.339552
589,Livermore,California,85156,37.6818745,-121.7680088
590,Charlotte,North Carolina,792862,35.2270869,-80.8431267
591,Owensboro,Kentucky,58416,37.7719074,-87.1111676
592,Jupiter,Florida,58298,26.934224600000004,-80.09420870000001
593,Rohnert Park,California,41398,38.3396367,-122.70109840000002
594,Chicago,Illinois,2718782,41.8781136,-87.62979820000001
595,Billings,Montana,109059,45.783285600000006,-108.5006904
596,Wauwatosa,Wisconsin,47134,43.049457200000006,-88.0075875
597,Lombard,Illinois,43907,41.8800296,-88.0078435
598,New Haven,Connecticut,130660,41.308274,-72.9278835
599,York,Pennsylvania,43935,39.9625984,-76.727745
600,Knoxville,Tennessee,183270,35.96063839999999,-83.9207392
601,Elyria,Ohio,53956,41.36837979999999,-82.10764859999999
602,Barnstable Town,Massachusetts,44641,41.7003208,-70.3002024
603,Murray,Utah,48612,40.6668916,-111.8879909
604,Alameda,California,76419,37.7652065,-122.2416355
605,Manteca,California,71948,37.7974273,-121.21605259999998
606,Maplewood,Minnesota,39765,44.953021500000006,-92.9952153
607,Medford,Oregon,77677,42.3265152,-122.8755949
608,Murfreesboro,Tennessee,117044,35.8456213,-86.39027
609,Yuba City,California,65416,39.1404477,-121.6169108
610,Shelton,Connecticut,40999,41.3164856,-73.0931641
611,Cedar Falls,Iowa,40566,42.5348993,-92.4453161
612,Germantown,Tennessee,39375,35.08675770000001,-89.8100858
613,Scranton,Pennsylvania,75806,41.408969,-75.66241219999999
614,Auburn,Alabama,58582,32.6098566,-85.48078249999999
615,Manassas,Virginia,41705,38.7509488,-77.4752667
616,Vacaville,California,94275,38.3565773,-121.9877444
617,Santa Monica,California,92472,34.01945429999999,-118.4911912
618,Suffolk,Virginia,85728,36.7282054,-76.5835621
619,Rochester Hills,Michigan,72952,42.6583661,-83.14993220000001
620,La Quinta,California,39331,33.663357299999994,-116.3100095
621,Charleston,West Virginia,50821,38.3498195,-81.6326234
622,Delano,California,52403,35.7688425,-119.2470536
623,St. Cloud,Florida,40918,28.2489016,-81.2811801
624,Charleston,South Carolina,127999,32.776474900000004,-79.9310512
625,Kannapolis,North Carolina,44359,35.4873613,-80.62173409999998
626,Corona,California,159503,33.8752935,-117.5664384
627,Rocklin,California,59738,38.7907339,-121.2357828
628,Lee's Summit,Missouri,93184,38.9108408,-94.3821724
629,Palm Coast,Florida,78740,29.5844524,-81.2078699
630,Sandy,Utah,90231,40.564978100000005,-111.8389726
631,Bentonville,Arkansas,40167,36.3728538,-94.2088172
632,Santa Clarita,California,179590,34.3916641,-118.542586
633,Altamonte Springs,Florida,42150,28.6611089,-81.36562420000001
634,New Braunfels,Texas,63279,29.7030024,-98.1244531
635,Memphis,Tennessee,653450,35.1495343,-90.0489801
636,Irving,Texas,228653,32.814017699999994,-96.9488945
637,Alexandria,Virginia,148892,38.8048355,-77.0469214
638,Hesperia,California,92147,34.4263886,-117.3008784
639,Holyoke,Massachusetts,40249,42.2042586,-72.61620090000001
640,Dunwoody,Georgia,47591,33.9462125,-84.3346473
641,Skokie,Illinois,65176,42.0324025,-87.7416246
642,Kearny,New Jersey,41664,40.7684342,-74.1454214
643,Bethlehem,Pennsylvania,75018,40.6259316,-75.3704579
644,St. Joseph,Missouri,77147,39.7674578,-94.846681
645,Redondo Beach,California,67815,33.8491816,-118.3884078
646,Houston,Texas,2195914,29.7604267,-95.3698028
647,Temecula,California,106780,33.4936391,-117.1483648
648,Ann Arbor,Michigan,117025,42.2808256,-83.7430378
649,Beaumont,Texas,117796,30.080174,-94.1265562
650,East Lansing,Michigan,48554,42.7369792,-84.48386540000001
651,Santee,California,56105,32.8383828,-116.97391670000002
652,Tamarac,Florida,63155,26.2128609,-80.2497707
653,Bellevue,Nebraska,53663,41.1543623,-95.9145568
654,Pembroke Pines,Florida,162329,26.007765,-80.2962555
655,Springdale,Arkansas,75229,36.18674420000001,-94.1288141
656,Oxnard,California,203007,34.1975048,-119.17705159999998
657,Odessa,Texas,110720,31.8456816,-102.3676431
658,Stillwater,Oklahoma,47186,36.1156071,-97.0583681
659,Brockton,Massachusetts,94089,42.083433500000005,-71.0183787
660,Bayonne,New Jersey,65028,40.6687141,-74.11430909999999
661,Paramount,California,54980,33.8894598,-118.15979109999998
662,Moline,Illinois,43116,41.5067003,-90.5151342
663,Meridian,Mississippi,40921,32.3643098,-88.70365600000001
664,Cleveland,Tennessee,42774,35.1595182,-84.8766115
665,Jersey City,New Jersey,257342,40.7281575,-74.0776417
666,St. Paul,Minnesota,294873,44.9537029,-93.0899578
667,Deltona,Florida,86290,28.9005446,-81.2636738
668,Freeport,New York,43167,40.65760220000001,-73.58318349999999
669,Iowa City,Iowa,71591,41.6611277,-91.5301683
670,Anaheim,California,345012,33.8352932,-117.9145036
671,Apple Valley,Minnesota,50201,44.7319094,-93.21772
672,Great Falls,Montana,59351,47.4941836,-111.2833449
673,West Valley City,Utah,133579,40.691613200000006,-112.0010501
674,Hampton,Virginia,136699,37.0298687,-76.3452218
675,Georgetown,Texas,54898,30.633261800000003,-97.6779842
676,Orem,Utah,91648,40.2968979,-111.69464750000002
677,Monrovia,California,37101,34.14426160000001,-118.0019482
678,Keller,Texas,42907,32.9341893,-97.229298
679,Goose Creek,South Carolina,39823,32.9810059,-80.03258670000001
680,Little Rock,Arkansas,197357,34.7464809,-92.2895948
681,Santa Ana,California,334227,33.7455731,-117.8678338
682,White Plains,New York,57866,41.0339862,-73.76290970000001
683,Idaho Falls,Idaho,58292,43.4916514,-112.0339645
684,Bellevue,Washington,133992,47.610377,-122.2006786
685,Roseville,California,127035,38.7521235,-121.28800590000002
686,Perth Amboy,New Jersey,51982,40.5067723,-74.2654234
687,Peabody,Massachusetts,52044,42.5278731,-70.92866090000001
688,Grand Island,Nebraska,50550,40.92639570000001,-98.3420118
689,Columbia,Missouri,115276,38.95170529999999,-92.3340724
690,Racine,Wisconsin,78199,42.7261309,-87.78285229999999
691,Carmel,Indiana,85927,39.978371,-86.1180435
692,Portage,Michigan,47523,42.20115379999999,-85.5800022
693,Middletown,Ohio,48630,39.5150576,-84.39827629999999
694,Woodland,California,56590,38.6785157,-121.7732971
695,Revere,Massachusetts,53756,42.408430200000005,-71.0119948
696,Euless,Texas,53224,32.8370727,-97.0819541
697,Arlington Heights,Illinois,75994,42.0883603,-87.9806265
698,Hemet,California,81750,33.7475203,-116.9719684
699,High Point,North Carolina,107741,35.955692299999995,-80.0053176
700,Newark,Ohio,47777,40.0581205,-82.4012642
701,Midwest City,Oklahoma,56756,35.4495065,-97.3967019
702,San Marcos,California,89387,33.1433723,-117.1661449
703,Port Orange,Florida,57203,29.1383165,-80.9956105
704,Lakewood,California,81121,33.853626899999995,-118.1339563
705,Westerville,Ohio,37530,40.1261743,-82.9290696
706,Rockford,Illinois,150251,42.2711311,-89.09399520000001
707,El Cajon,California,102211,32.7947731,-116.9625269
708,St. Petersburg,Florida,249688,27.773056,-82.64
709,Downers Grove,Illinois,49670,41.8089191,-88.01117459999999
710,Milford,Connecticut,51644,41.2306979,-73.064036
711,Albany,Oregon,51583,44.6365107,-123.1059282
712,Las Vegas,Nevada,603488,36.1699412,-115.13982959999998
713,Pasadena,Texas,152735,29.6910625,-95.2091006
714,Port St. Lucie,Florida,171016,27.2730492,-80.3582261
715,Cedar Rapids,Iowa,128429,41.9778795,-91.6656232
716,Ormond Beach,Florida,38661,29.2858129,-81.05588940000001
717,Quincy,Massachusetts,93494,42.25287720000001,-71.0022705
718,Miramar,Florida,130288,25.9860762,-80.3035602
719,El Paso,Texas,674433,31.7775757,-106.4424559
720,Topeka,Kansas,127679,39.0558235,-95.6890185
721,Rosemead,California,54561,34.0805651,-118.072846
722,Keizer,Oregon,37064,44.9901194,-123.0262077
723,Minnetonka,Minnesota,51368,44.9211836,-93.4687489
724,Akron,Ohio,198100,41.081444700000006,-81.51900529999999
725,Edinburg,Texas,80836,26.3017374,-98.1633432
726,Rancho Cucamonga,California,171386,34.1063989,-117.5931084
727,North Charleston,South Carolina,104054,32.8546197,-79.9748103
728,Louisville,Kentucky,609893,38.2526647,-85.7584557
729,Watsonville,California,52477,36.910231,-121.7568946
730,Coconut Creek,Florida,56792,26.2517482,-80.17893509999999
731,Bradenton,Florida,51763,27.4989278,-82.5748194
732,Carlsbad,California,110972,33.158093300000004,-117.3505939
733,Texas City,Texas,46081,29.383845,-94.9027002
734,Redding,California,91119,40.5865396,-122.3916754
735,Wyoming,Michigan,74100,42.9133602,-85.7053085
736,Lorain,Ohio,63710,41.452819,-82.18237459999999
737,Roy,Utah,37733,41.1616108,-112.0263313
738,Fort Lauderdale,Florida,172389,26.1224386,-80.13731740000001
739,Warner Robins,Georgia,72531,32.6130007,-83.624201
740,Clearwater,Florida,109703,27.9658533,-82.8001026
741,Cutler Bay,Florida,43328,25.5808323,-80.3468593
742,Florence,Alabama,40059,34.79981,-87.677251
743,Terre Haute,Indiana,61025,39.4667034,-87.4139092
744,Temple,Texas,70190,31.0982344,-97.342782
745,Beavercreek,Ohio,45712,39.7092262,-84.0632685
746,Sioux Falls,South Dakota,164676,43.5445959,-96.7311034
747,Columbus,Indiana,45775,39.2014404,-85.9213796
748,Margate,Florida,55456,26.244526300000004,-80.206436
749,Leominster,Massachusetts,41002,42.5250906,-71.759794
750,Warwick,Rhode Island,81971,41.7001009,-71.4161671
751,Bakersfield,California,363630,35.3732921,-119.0187125
752,Miami,Florida,417650,25.7616798,-80.1917902
753,Lake Charles,Louisiana,74024,30.226594899999995,-93.2173758
754,Richland,Washington,52413,46.2856907,-119.2844621
755,Hickory,North Carolina,40361,35.7344538,-81.3444573
756,South San Francisco,California,66174,37.654656,-122.4077498
757,Plymouth,Minnesota,73987,45.01051939999999,-93.4555093
758,South Bend,Indiana,100886,41.6763545,-86.25198979999999
759,Edmond,Oklahoma,87004,35.6528323,-97.4780954
760,Des Moines,Iowa,207510,41.6005448,-93.6091064
761,Bonita Springs,Florida,47547,26.339806,-81.77869720000001
762,Draper,Utah,45285,40.5246711,-111.8638226
763,Whittier,California,86635,33.97917929999999,-118.032844
764,Livonia,Michigan,95208,42.36837,-83.3527097
765,Milwaukee,Wisconsin,599164,43.0389025,-87.9064736
766,Auburn,Washington,74860,47.3073228,-122.22845320000002
767,Sumter,South Carolina,41190,33.9204354,-80.3414693
768,Beverly,Massachusetts,40664,42.5584283,-70.880049
769,Renton,Washington,97003,47.4828776,-122.21706609999998
770,Centennial,Colorado,106114,39.5807452,-104.8771726
771,Richmond,Virginia,214114,37.5407246,-77.4360481
772,Anderson,Indiana,55670,40.1053196,-85.6802541
773,Beaumont,California,40481,33.929460600000006,-116.977248
774,Pflugerville,Texas,53752,30.4393696,-97.6200043
775,Hoboken,New Jersey,52575,40.7439905,-74.0323626
776,Lexington-Fayette,Kentucky,308428,38.040583700000006,-84.50371640000002
777,Norwalk,California,106589,33.9022367,-118.081733
778,Yuma,Arizona,91923,32.6926512,-114.6276916
779,Highland,California,54291,34.1283442,-117.2086513
780,Carol Stream,Illinois,40379,41.9125286,-88.1347927
781,Joliet,Illinois,147806,41.525031,-88.0817251
782,Rock Hill,South Carolina,69103,34.9248667,-81.02507840000001
783,Rancho Cordova,California,67911,38.5890723,-121.302728
784,Dearborn Heights,Michigan,56620,42.3369816,-83.2732627
785,Honolulu,Hawaii,347884,21.3069444,-157.8583333
786,Victoria,Texas,65098,28.8052674,-97.0035982
787,Attleboro,Massachusetts,43886,41.9445441,-71.2856082
788,Wylie,Texas,44575,33.0151201,-96.5388789
789,Carrollton,Texas,126700,32.975641499999995,-96.8899636
790,Plainfield,Illinois,41734,41.632223,-88.2120315
791,Hoffman Estates,Illinois,52398,42.0629915,-88.1227199
792,Methuen,Massachusetts,48514,42.7262016,-71.19089240000001
793,North Port,Florida,59212,27.044224,-82.23592540000001
794,Rockville,Maryland,64072,39.0839973,-77.1527578
795,Burbank,California,104709,34.18083920000001,-118.30896609999998
796,Fullerton,California,138981,33.8703596,-117.9242966
797,Oshkosh,Wisconsin,66778,44.0247062,-88.5426136
798,Huntsville,Texas,39795,30.723526300000003,-95.5507771
799,Farmington Hills,Michigan,81295,42.4989936,-83.3677168
800,Pico Rivera,California,63771,33.9830688,-118.096735
801,Cerritos,California,49707,33.8583483,-118.0647871
802,La Puente,California,40435,34.0200114,-117.9495083
803,Grand Junction,Colorado,59778,39.0638705,-108.5506486
804,Enid,Oklahoma,50725,36.3955891,-97.8783911
805,San Jose,California,998537,37.3382082,-121.88632859999998
806,Round Rock,Texas,109821,30.508255100000003,-97.678896
807,Maple Grove,Minnesota,65415,45.072464200000006,-93.4557877
808,Norman,Oklahoma,118197,35.2225668,-97.4394777
809,Homestead,Florida,64079,25.4687224,-80.4775569
810,Friendswood,Texas,37587,29.529399800000004,-95.2010447
811,Irvine,California,236716,33.6839473,-117.7946942
812,Pocatello,Idaho,54350,42.8713032,-112.4455344
813,Pacifica,California,38606,37.6138253,-122.48691940000002
814,Sheboygan,Wisconsin,48725,43.7508284,-87.71453000000001
815,Bossier City,Louisiana,66333,32.5159852,-93.7321228
816,Cedar Park,Texas,61238,30.505198,-97.8202888
817,Sandy Springs,Georgia,99770,33.9304352,-84.3733147
818,Champaign,Illinois,83424,40.1164204,-88.2433829
819,Clifton,New Jersey,85390,40.8584328,-74.16375529999999
820,Moore,Oklahoma,58414,35.339507899999994,-97.4867028
821,Blue Springs,Missouri,53294,39.0169509,-94.2816148
822,Lancaster,California,159523,34.6867846,-118.1541632
823,Bryan,Texas,78709,30.6743643,-96.3699632
824,Hurst,Texas,38448,32.82346210000001,-97.1705678
825,Cape Coral,Florida,165831,26.5628537,-81.94953309999998
826,Cupertino,California,60189,37.3229978,-122.0321823
827,Pittsfield,Massachusetts,44057,42.4500845,-73.2453824
828,Gilroy,California,51701,37.0057816,-121.5682751
829,Manchester,New Hampshire,110378,42.995639700000005,-71.4547891
830,Virginia Beach,Virginia,448479,36.8529263,-75.977985
831,Salina,Kansas,47846,38.8402805,-97.6114237
832,Somerville,Massachusetts,78804,42.3875968,-71.0994968
833,Largo,Florida,78409,27.9094665,-82.7873244
834,Fresno,California,509924,36.7468422,-119.7725868
835,Phenix City,Alabama,37498,32.4709761,-85.0007653
836,Berwyn,Illinois,56758,41.8505874,-87.79366850000001
837,Palm Beach Gardens,Florida,50699,26.8233946,-80.1386547
838,Pawtucket,Rhode Island,71172,41.878711,-71.38255579999999
839,San Gabriel,California,40275,34.0961111,-118.1058333
840,Winston-Salem,North Carolina,236441,36.0998596,-80.24421600000001
841,Alpharetta,Georgia,62298,34.07537620000001,-84.2940899
842,O'Fallon,Missouri,82809,38.8106075,-90.6998477
843,Redwood City,California,80872,37.4852152,-122.2363548
844,Union City,California,72528,37.59339179999999,-122.0438298
845,Hallandale Beach,Florida,38632,25.9812024,-80.148379
846,Mankato,Minnesota,40641,44.1635775,-93.9993996
847,Aliso Viejo,California,50175,33.5676842,-117.7256083
848,Menifee,California,83447,33.6971468,-117.185294
849,Loveland,Colorado,71334,40.397761200000005,-105.0749801
850,Carpentersville,Illinois,38241,42.1211364,-88.2578582
851,Providence,Rhode Island,177994,41.8239891,-71.4128343
852,Hialeah,Florida,233394,25.8575963,-80.2781057
853,San Ramon,California,74513,37.7799273,-121.9780153
854,Ontario,California,167500,34.0633443,-117.6508876
855,Kirkland,Washington,84430,47.6814875,-122.2087353
856,St. George,Utah,76817,37.0965278,-113.5684164
857,Hilton Head Island,South Carolina,39412,32.216316,-80.752608
858,Glendale,California,196021,34.1425078,-118.255075
859,Meriden,Connecticut,60456,41.5381535,-72.8070435
860,Gardena,California,59957,33.8883487,-118.3089624
861,Westfield,Massachusetts,41301,42.1250929,-72.749538
862,Elgin,Illinois,110145,42.0354084,-88.2825668
863,Plano,Texas,274409,33.0198431,-96.6988856
864,Longmont,Colorado,89919,40.1672068,-105.1019275
865,Coppell,Texas,40342,32.9545687,-97.0150078
866,Lakewood,Ohio,51143,41.481993200000005,-81.7981908
867,Jonesboro,Arkansas,71551,35.8422967,-90.704279
868,College Station,Texas,100050,30.627977,-96.3344068
869,Dearborn,Michigan,95884,42.3222599,-83.1763145
870,Utica,New York,61808,43.100903,-75.232664
871,Monroe,Louisiana,49761,32.5093109,-92.1193012
872,Baltimore,Maryland,622104,39.2903848,-76.6121893
873,Springfield,Missouri,164122,37.20895720000001,-93.2922989
874,Pine Bluff,Arkansas,46094,34.2284312,-92.0031955
875,Plainfield,New Jersey,50588,40.6337136,-74.40737359999999
876,Lynn,Massachusetts,91589,42.466763,-70.9494938
877,Woodbury,Minnesota,65656,44.923855200000006,-92.9593797
878,Gainesville,Florida,127488,29.6516344,-82.3248262
879,West Sacramento,California,49891,38.5804609,-121.530234
880,Sammamish,Washington,50169,47.6162683,-122.0355736
881,Aventura,Florida,37199,25.9564812,-80.1392121
882,Fayetteville,Arkansas,78960,36.0625795,-94.1574263
883,San Rafael,California,58994,37.9735346,-122.5310874
884,Conway,Arkansas,63816,35.0886963,-92.4421011
885,Tacoma,Washington,203446,47.2528768,-122.4442906
886,Middletown,Connecticut,47333,41.5623209,-72.6506488
887,Burlington,Vermont,42284,44.4758825,-73.21207199999999
888,Twin Falls,Idaho,45981,42.5629668,-114.4608711
889,Sherman,Texas,39296,33.635661799999994,-96.6088805
890,New York,New York,8405837,40.7127837,-74.00594129999999
891,Simi Valley,California,126181,34.2694474,-118.781482
892,West Covina,California,107740,34.0686208,-117.93895259999998
893,Castle Rock,Colorado,53063,39.372212100000006,-104.8560902
894,Valdosta,Georgia,56481,30.8327022,-83.2784851
895,Fort Worth,Texas,792727,32.7554883,-97.3307658
896,Carson,California,92599,33.8316745,-118.281693
897,Evansville,Indiana,120310,37.9715592,-87.5710898
898,Santa Maria,California,102216,34.953033700000006,-120.4357191
899,Brentwood,Tennessee,40021,36.0331164,-86.7827772
900,La Mesa,California,58642,32.7678287,-117.02308390000002
901,Westminster,Colorado,110945,39.8366528,-105.03720459999998
902,Reading,Pennsylvania,87893,40.3356483,-75.9268747
903,Turlock,California,70365,37.4946568,-120.8465941
904,Greeley,Colorado,96539,40.42331420000001,-104.7091322
905,Tyler,Texas,100223,32.351260100000005,-95.3010624
906,Winter Garden,Florida,37711,28.5652787,-81.5861847
907,Waco,Texas,129030,31.549333,-97.1466695
908,Martinez,California,37165,38.0193657,-122.1341321
909,Thousand Oaks,California,128731,34.1705609,-118.8375937
910,Azusa,California,47842,34.1336186,-117.9075627
911,Bridgeport,Connecticut,147216,41.18654779999999,-73.1951767
912,St. Louis Park,Minnesota,47411,44.9597376,-93.3702186
913,Chesterfield,Missouri,47749,38.6631083,-90.5770675
914,Greenacres,Florida,38696,26.6276276,-80.1353896
915,Pasco,Washington,67599,46.2395793,-119.10056570000002
916,Torrance,California,147478,33.835849200000006,-118.3406288
917,Madison,Wisconsin,243344,43.07305170000001,-89.4012302
918,Janesville,Wisconsin,63820,42.6827885,-89.01872220000001
919,Waukegan,Illinois,88826,42.3636331,-87.84479379999999
920,Bowling Green,Kentucky,61488,36.9685219,-86.48080429999999
921,Arlington,Texas,379577,32.735687,-97.1080656
922,Lewisville,Texas,101074,33.046233,-96.994174
923,Farmington,New Mexico,45426,36.7280583,-108.2186856
924,Oakley,California,38194,37.9974219,-121.7124536
925,Palo Alto,California,66642,37.4418834,-122.1430195
926,Springfield,Oregon,60177,44.0462362,-123.0220289
927,New Bedford,Massachusetts,95078,41.6362152,-70.934205
928,Redmond,Washington,57530,47.6739881,-122.121512
929,Brentwood,California,55000,37.931868,-121.6957863
930,Davis,California,66205,38.5449065,-121.7405167
931,La Mirada,California,49133,33.9172357,-118.0120086
932,Smyrna,Tennessee,43060,35.9828412,-86.51860450000001
933,Altoona,Pennsylvania,45796,40.5186809,-78.3947359
934,Dothan,Alabama,68001,31.2232313,-85.39048879999999
935,East Orange,New Jersey,64544,40.767323,-74.20486770000001
936,Tinley Park,Illinois,57282,41.5731442,-87.7932939
937,Biloxi,Mississippi,44820,30.396031800000003,-88.88530779999999
938,Urbana,Illinois,41752,40.1105875,-88.2072697
939,Garden Grove,California,175140,33.7739053,-117.9414477
940,Lynwood,California,71371,33.930293,-118.21146029999998
941,Northglenn,Colorado,37499,39.8961821,-104.9811468
942,Canton,Ohio,72535,40.7989473,-81.378447
943,Brookhaven,Georgia,50603,33.8651033,-84.3365917
944,Baton Rouge,Louisiana,229426,30.4582829,-91.1403196
945,Bristol,Connecticut,60568,41.6717648,-72.9492703
946,Independence,Missouri,117240,39.0911161,-94.4155068
947,Lansing,Michigan,113972,42.732535,-84.55553470000001
948,Orland Park,Illinois,58590,41.6303103,-87.8539425
949,Vineland,New Jersey,61050,39.4863773,-75.0259637
950,Green Bay,Wisconsin,104779,44.519159,-88.019826
951,Evanston,Illinois,75570,42.0450722,-87.6876969
952,Ocoee,Florida,39172,28.5691677,-81.5439619
953,Los Angeles,California,3884307,34.0522342,-118.24368490000002
954,Federal Way,Washington,92734,47.3223221,-122.3126222
955,West Jordan,Utah,110077,40.6096698,-111.9391031
956,Yucaipa,California,52536,34.033625,-117.0430865
957,Pittsburgh,Pennsylvania,305841,40.4406248,-79.9958864
958,Downey,California,113242,33.9401088,-118.1331593
959,Cicero,Illinois,84103,41.8455877,-87.7539448
960,South Gate,California,95677,33.954737,-118.2120161
961,Panama City,Florida,36877,30.1588129,-85.6602058
962,Joplin,Missouri,50789,37.0842271,-94.513281
963,League City,Texas,90983,29.5074538,-95.0949303
964,Salt Lake City,Utah,191180,40.7607793,-111.89104740000002
965,Fort Pierce,Florida,43074,27.446705600000005,-80.3256056
966,Phoenix,Arizona,1513367,33.4483771,-112.0740373
967,Corvallis,Oregon,55298,44.5645659,-123.2620435
968,Cedar Hill,Texas,46663,32.5884689,-96.9561152
969,Chicopee,Massachusetts,55717,42.14870429999999,-72.6078672
970,Ocala,Florida,57468,29.1871986,-82.14009229999999
971,Roswell,Georgia,94034,34.0232431,-84.36155550000001
972,Park Ridge,Illinois,37839,42.0111412,-87.8406192
973,Concord,New Hampshire,42419,43.2081366,-71.5375718
974,Olympia,Washington,48338,47.0378741,-122.9006951
975,Huntington Beach,California,197575,33.660297,-117.9992265
976,Corpus Christi,Texas,316381,27.8005828,-97.396381
977,Haverhill,Massachusetts,62088,42.7762015,-71.0772796
978,Hanover Park,Illinois,38510,41.9994722,-88.1450735
979,Cambridge,Massachusetts,107289,42.3736158,-71.10973349999999
980,Glendale,Arizona,234632,33.538652299999995,-112.1859866
981,Stanton,California,38623,33.802515500000005,-117.9931165
982,Summerville,South Carolina,46074,33.0185039,-80.17564809999999
983,Davenport,Iowa,102157,41.5236437,-90.5776367
984,Boca Raton,Florida,89407,26.3683064,-80.1289321
985,New Britain,Connecticut,72939,41.6612104,-72.77954190000001
986,Roseville,Michigan,47555,42.4972583,-82.93714090000002
987,Cleveland Heights,Ohio,45394,41.5200518,-81.556235
988,Gresham,Oregon,109397,45.5001357,-122.4302013
989,Lauderhill,Florida,69813,26.1403635,-80.2133808
990,Hendersonville,Tennessee,54068,36.3047735,-86.6199957
991,Santa Clara,California,120245,37.3541079,-121.9552356
992,Oceanside,California,172794,33.1958696,-117.3794834
993,Lake Forest,California,79312,33.6469661,-117.689218
994,Novi,Michigan,57960,42.48059,-83.47549129999999
995,West New York,New Jersey,52122,40.7878788,-74.0143064
996,Everett,Massachusetts,42935,42.40843,-71.0536625
997,Linden,New Jersey,41301,40.6220478,-74.2445902
998,Asheville,North Carolina,87236,35.5950581,-82.5514869
999,Compton,California,97877,33.8958492,-118.2200712
